sym,entry_t,exit_t,entry,exit,stop,target,r,why,fund_r,liquid,btc_down
1000000BABYDOGE-USD,2025-12-29 11:00:00,2025-12-29 18:15:00,0.0006091,0.0006305053571428571,0.0006305053571428571,0.0005946437384051241,-1.0995942270793362,stop,0.0028455493451238875,False,True
1000000BABYDOGE-USD,2026-07-11 23:00:00,2026-07-13 03:15:00,0.0003394,0.00030600185169972884,0.00035521964285714283,0.00030600185169972884,1.9975231057762612,target,-0.03642346247657758,False,True
1000000BABYDOGE-USD,2026-09-01 19:00:00,2026-09-02 11:00:00,0.0003647,0.0003609955324639603,0.00037880357142857144,0.0003609955324639603,0.17474208915956008,target,0.005171739680931869,False,True
1000000MOG-USD,2025-11-01 22:15:00,2025-11-01 22:30:00,0.5943,0.6201196428571428,0.6201196428571428,0.43124140977199293,-1.0828624939484062,stop,0.0,True,True
1000000MOG-USD,2026-01-07 20:00:00,2026-01-07 23:15:00,0.3402,0.3287664706401127,0.3538857142857143,0.3287664706401127,0.7459464041671284,target,0.0,True,True
1000000MOG-USD,2026-04-21 03:00:00,2026-04-22 04:45:00,0.15584,0.1635360714285714,0.1635360714285714,0.14512813499299065,-1.0306377867446286,stop,0.04225966557334463,False,True
1000000MOG-USD,2026-04-21 03:00:00,2026-04-22 04:45:00,0.15584,0.1635360714285714,0.1635360714285714,0.14512813499299065,-1.0306377867446286,stop,0.04225966557334463,False,True
10000SATS-USD,2025-09-25 02:00:00,2025-09-25 03:30:00,0.0003633,0.00035890923645775835,0.0003769089285714286,0.00035890923645775835,0.22653389104518012,target,0.0,True,True
10000SATS-USD,2025-11-07 13:00:00,2025-11-07 13:15:00,0.0002067,0.0002063256320776626,0.0002181625,0.0002063256320776626,-0.032257542217020235,target,0.0,False,True
10000SATS-USD,2026-03-02 13:00:00,2026-03-03 09:30:00,0.0001132,0.00011070542396996424,0.00012176964285714286,0.00011070542396996424,0.24684296245468287,target,0.003302354657220252,False,True
10000SATS-USD,2026-07-31 20:00:00,2026-08-01 00:00:00,0.00010261,0.00010767767857142857,0.00010767767857142857,9.294466775474032e-05,-1.071880150815744,stop,0.0010123964903625909,False,True
1000BONK-USD,2026-09-29 15:00:00,2026-09-29 17:00:00,0.003813,0.0035830709928406034,0.003970017857142857,0.0035830709928406034,1.3781417037332229,target,0.0012141931081542157,True,True
1000BTT-USD,2025-05-04 04:00:00,2025-05-05 01:15:00,0.0007307,0.0007060223176859067,0.0007696982142857143,0.0007060223176859067,0.562985340001478,target,-0.0023523996336828655,False,True
1000BTT-USD,2026-02-10 03:00:00,2026-02-11 17:15:00,0.0003538,0.0003287758625420772,0.0003729982142857143,0.0003287758625420772,1.1494082182603216,target,-0.08770983368244789,False,True
1000BTT-USD,2026-02-10 03:00:00,2026-02-11 17:15:00,0.0003538,0.0003287758625420772,0.0003729982142857143,0.0003287758625420772,1.1494082182603216,target,-0.08770983368244789,False,True
1000BTT-USD,2026-02-27 11:00:00,2026-02-27 14:45:00,0.0003517,0.0003416780345310307,0.0003741339285714286,0.0003416780345310307,0.3902947912618637,target,0.0,False,True
1000CAT-USD,2025-01-04 10:00:00,2025-01-05 10:00:00,0.03678,0.03529166347534716,0.03847696428571428,0.03529166347534716,0.8166695061997198,target,0.017637649096074973,True,True
1000CAT-USD,2025-02-08 15:30:00,2025-02-08 17:15:00,0.01096,0.011645178571428572,0.011645178571428572,0.01023140446597952,-1.0567851967683084,stop,0.0007997915037789925,True,True
1000CAT-USD,2025-04-13 05:00:00,2025-04-15 05:00:00,0.00583,0.00545,0.006077410714285715,0.005185910065448405,1.4515492355972548,time,0.0004722236881992056,True,True
1000CAT-USD,2025-04-13 05:00:00,2025-04-15 05:00:00,0.00583,0.00545,0.006077410714285715,0.005185910065448405,1.4515492355972548,time,0.0004722236881992056,True,True
1000CAT-USD,2025-05-09 23:00:00,2025-05-10 00:00:00,0.009799,0.010333053571428573,0.010333053571428573,0.007056082267369223,-1.0651366302203495,stop,0.0009174173270471779,True,True
1000CAT-USD,2025-06-28 21:00:00,2025-06-28 22:30:00,0.006774,0.007167125,0.007167125,0.006310607794815363,-1.0620321780604134,stop,0.0,False,True
1000CAT-USD,2025-07-17 13:30:00,2025-07-18 20:30:00,0.009264,0.008541481652184556,0.009974607142857143,0.008541481652184556,0.9751110635750317,target,0.005281313420113584,True,True
1000CAT-USD,2025-07-28 08:15:00,2025-07-28 09:30:00,0.010657,0.01120325,0.01120325,0.008878575465263596,-1.070233775743707,stop,0.0,True,True
1000CAT-USD,2026-01-01 04:30:00,2026-01-01 12:30:00,0.002819,0.0026799841774803952,0.002933267857142857,0.0026799841774803952,1.130233170979507,target,0.0024670104703859996,False,True
1000CAT-USD,2026-01-01 04:30:00,2026-01-01 12:30:00,0.002819,0.0026799841774803952,0.002933267857142857,0.0026799841774803952,1.130233170979507,target,0.0024670104703859996,False,True
1000CAT-USD,2026-04-17 02:15:00,2026-04-19 00:45:00,0.0020578,0.0018322068847381582,0.0021405875,0.0018322068847381582,2.6885199508843876,target,0.05303711516835264,False,True
1000CAT-USD,2026-05-31 08:00:00,2026-06-02 08:00:00,0.0019152,0.0018726,0.0020651535714285713,0.001837023231719737,0.245877824080786,time,0.007768923706861655,False,True
1000CAT-USD,2026-09-05 14:00:00,2026-09-05 14:30:00,0.002445,0.0026095714285714285,0.0026095714285714285,0.0019576096777432425,-1.053484375,stop,0.0,False,True
1000FLOKI-USD,2025-07-16 23:15:00,2025-07-17 15:00:00,0.13452,0.1413530357142857,0.1413530357142857,0.10111102210669906,-1.066934817718542,stop,0.003937342218737758,True,True
1000FLOKI-USD,2025-07-20 22:00:00,2025-07-21 22:00:00,0.14154,0.14698035714285712,0.14698035714285712,0.13406828024309753,-1.0812893590966983,stop,0.012370668475021383,True,True
1000FLOKI-USD,2026-10-05 13:00:00,2026-10-07 02:00:00,0.02905,0.028065362863931975,0.030187678571428574,0.028065362863931975,0.7863223924000828,target,0.01276722649505569,False,True
1000LUNC-USD,2025-10-22 04:30:00,2025-10-22 21:15:00,0.04763,0.04324618808492257,0.050728392857142854,0.04324618808492257,1.357795113869727,target,-0.0017303269944095453,False,True
1000LUNC-USD,2025-12-06 18:00:00,2025-12-08 18:00:00,0.07762,0.05038,0.08309160714285714,0.04685699824944628,4.913361563630425,time,-0.01399657742240788,True,True
1000LUNC-USD,2026-04-11 09:00:00,2026-04-13 09:00:00,0.04122,0.04118,0.04294964285714285,0.03869837258084055,-0.05024724291554926,time,0.012420029436299843,False,True
1000LUNC-USD,2026-04-27 17:00:00,2026-04-27 20:15:00,0.06145,0.06515767857142857,0.06515767857142857,0.05490431949563356,-1.0596653662765496,stop,0.0,True,True
1000LUNC-USD,2026-04-27 17:00:00,2026-04-27 20:15:00,0.06145,0.06515767857142857,0.06515767857142857,0.05490431949563356,-1.0596653662765496,stop,0.0,True,True
1000NEIROCTO-USD,2025-01-31 18:00:00,2025-02-01 21:00:00,0.6392,0.5269458633063481,0.6741446428571429,0.5269458633063481,3.1519788925568464,target,0.00548753640962746,True,True
1000NEIROCTO-USD,2025-02-25 16:30:00,2025-02-25 16:45:00,0.3583,0.3579542089699951,0.3731214285714286,0.3579542089699951,-0.06369756905990842,target,0.0,True,True
1000NEIROCTO-USD,2025-04-26 10:30:00,2025-04-27 23:30:00,0.2785,0.23350443682768482,0.3013571428571429,0.23350443682768482,1.9270064389762904,target,0.002314300187500001,True,True
1000NEIROCTO-USD,2025-04-26 10:30:00,2025-04-27 23:30:00,0.2785,0.23350443682768482,0.3013571428571429,0.23350443682768482,1.9270064389762904,target,0.002314300187500001,True,True
1000NEIROCTO-USD,2025-07-20 18:15:00,2025-07-21 01:45:00,0.59,0.5434096206849263,0.6236160714285715,0.5434096206849263,1.3245265559862542,target,0.001755112881806106,True,True
1000NEIROCTO-USD,2025-07-20 18:15:00,2025-07-21 01:45:00,0.59,0.5434096206849263,0.6236160714285715,0.5434096206849263,1.3245265559862542,target,0.001755112881806106,True,True
1000NEIROCTO-USD,2026-05-06 00:00:00,2026-05-06 08:15:00,0.09814,0.09624410659056494,0.10430303571428572,0.09624410659056494,0.2518894066825941,target,0.0015923970677715654,True,True
1000NEIROCTO-USD,2026-05-06 00:00:00,2026-05-06 08:15:00,0.09814,0.09624410659056494,0.10430303571428572,0.09624410659056494,0.2518894066825941,target,0.0015923970677715654,True,True
1000NEIROCTO-USD,2026-05-21 07:00:00,2026-05-21 17:45:00,0.09726,0.10291357142857142,0.10291357142857142,0.0925866207004301,-1.059351332912192,stop,0.0025804927353126994,True,True
1000NEIROCTO-USD,2026-07-06 06:00:00,2026-07-06 06:15:00,0.06629,0.06614966826506474,0.07168035714285714,0.06614966826506474,-0.018238543840275293,target,0.0,False,True
1000NEIROCTO-USD,2026-08-22 22:00:00,2026-08-23 02:30:00,0.09104,0.08896554078186789,0.09712928571428571,0.08896554078186789,0.29087506292844045,target,0.004024469921407625,True,True
1000RATS-USD,2025-02-26 05:00:00,2025-02-26 15:30:00,0.02493,0.026695535714285717,0.026695535714285717,0.021390208892014113,-1.0494212602407202,stop,0.001412036006877717,True,True
1000RATS-USD,2025-02-26 05:00:00,2025-02-26 15:30:00,0.02493,0.026695535714285717,0.026695535714285717,0.021390208892014113,-1.0494212602407202,stop,0.001412036006877717,True,True
1000RATS-USD,2026-01-07 22:45:00,2026-01-08 01:00:00,0.05331,0.05547214285714286,0.05547214285714286,0.04682194080564469,-1.090854751873142,stop,-0.0020928093557978215,True,True
1000RATS-USD,2026-01-27 18:45:00,2026-01-29 18:45:00,0.06072,0.0601,0.06344321428571428,0.046781198547805755,0.1540653483645914,time,0.006663066397377063,True,True
1000RATS-USD,2026-04-24 05:45:00,2026-04-24 16:30:00,0.04159,0.03765443805745917,0.04359196428571429,0.03765443805745917,1.900186712263728,target,0.009125033713317271,True,True
1000RATS-USD,2026-06-25 11:15:00,2026-06-25 16:15:00,0.0302,0.03266928571428572,0.03266928571428572,0.027064742280120457,-1.042805901070292,stop,0.001223025744865488,False,True
1000RATS-USD,2026-07-13 22:00:00,2026-07-14 14:15:00,0.03613,0.03207676011827848,0.037783392857142856,0.03207676011827848,2.4288807647089943,target,0.05607997222162234,False,True
1000RATS-USD,2026-07-13 22:00:00,2026-07-14 14:15:00,0.03613,0.03207676011827848,0.037783392857142856,0.03207676011827848,2.4288807647089943,target,0.05607997222162234,False,True
1000TOSHI-USD,2025-01-03 08:00:00,2025-01-03 18:30:00,0.1435,0.15234464285714286,0.15234464285714286,0.1263965690734248,-1.0567857863920855,stop,0.001622451039773872,True,True
1000TOSHI-USD,2025-01-07 15:00:00,2025-01-08 04:30:00,0.1811,0.15629093023861318,0.19557857142857143,0.15629093023861318,1.6709749218520757,target,0.002501628021706957,True,True
1000TOSHI-USD,2025-04-05 14:15:00,2025-04-05 16:30:00,0.271,0.25123461674686826,0.2856178571428571,0.25123461674686826,1.2389499073728119,target,-0.04644938675787954,True,True
1000TOSHI-USD,2025-07-20 18:45:00,2025-07-20 19:00:00,0.7204,0.73,0.7464946428571428,0.6879242155182121,-0.4672775200164225,time,0.0,True,True
1000TOSHI-USD,2025-12-28 19:00:00,2025-12-29 00:15:00,0.316,0.3004718088734076,0.3352232142857143,0.3004718088734076,0.7316845641701591,target,-0.016920269168601964,False,True
1000TOSHI-USD,2026-01-03 08:00:00,2026-01-04 03:00:00,0.3094,0.3332857142857143,0.3332857142857143,0.30088977339782363,-1.046632057416268,stop,0.0,False,True
1000TOSHI-USD,2026-02-12 19:30:00,2026-02-14 19:30:00,0.26162,0.25577,0.2808175,0.20559892107360475,0.25566703997916534,time,0.0,True,True
1000TOSHI-USD,2026-04-08 23:00:00,2026-04-08 23:15:00,0.17967,0.1785734851069885,0.18850750000000002,0.1785734851069885,0.05088575875660421,target,0.0,False,True
1000TURBO-USD,2025-04-19 00:30:00,2025-04-20 04:45:00,2.0278,2.110666071428571,2.110666071428571,1.918558157819325,-1.079530136838703,stop,0.008564783967244938,True,True
1000TURBO-USD,2025-07-14 16:30:00,2025-07-14 17:15:00,5.8126,6.195653571428571,6.195653571428571,4.651829699728806,-1.054627763740618,stop,0.0,True,True
1000TURBO-USD,2025-07-14 16:30:00,2025-07-14 17:15:00,5.8126,6.195653571428571,6.195653571428571,4.651829699728806,-1.054627763740618,stop,0.0,True,True
1000TURBO-USD,2026-03-13 19:15:00,2026-03-14 02:00:00,1.1204,1.2074035714285716,1.2074035714285716,1.0367465416428414,-1.060827238527154,stop,-0.014467762315175884,True,True
1000TURBO-USD,2026-05-13 23:45:00,2026-05-14 01:15:00,1.3409,1.331578709957551,1.4523446428571427,1.331578709957551,0.040927001294228216,target,0.0006015991283308505,False,True
1000TURBO-USD,2026-05-13 23:45:00,2026-05-14 01:15:00,1.3409,1.331578709957551,1.4523446428571427,1.331578709957551,0.040927001294228216,target,0.0006015991283308505,False,True
1000TURBO-USD,2026-08-28 18:15:00,2026-08-28 19:30:00,1.0521,1.1009499999999999,1.1009499999999999,0.9977475952960556,-1.0775344933469808,stop,0.0,False,True
1000TURBO-USD,2026-09-23 09:00:00,2026-09-23 14:15:00,1.1151,1.051347986524503,1.1689910714285714,1.051347986524503,1.1095234681824553,target,0.0010345869644454756,False,True
1000XEC-USD,2025-05-11 08:00:00,2025-05-12 19:00:00,0.02423,0.02386418630715832,0.02593892857142857,0.02386418630715832,0.16868914105678431,target,0.005671389759665629,False,True
1000XEC-USD,2025-07-19 17:00:00,2025-07-20 14:30:00,0.02312,0.024958928571428573,0.024958928571428573,0.022170990174905977,-1.0427466304136725,stop,0.002514507671392504,False,True
1000XEC-USD,2025-07-19 17:00:00,2025-07-20 14:30:00,0.02312,0.024958928571428573,0.024958928571428573,0.022170990174905977,-1.0427466304136725,stop,0.002514507671392504,False,True
1INCH-USD,2025-11-28 02:00:00,2025-11-30 02:00:00,0.2,0.1955,0.21336607142857142,0.1923417894479729,0.2882600187040756,time,0.005454407481629935,True,True
1INCH-USD,2026-04-05 02:00:00,2026-04-05 02:15:00,0.08803,0.08797953799354512,0.09146035714285715,0.08797953799354512,-0.07767296011726556,target,0.0,False,True
1INCH-USD,2026-04-05 02:00:00,2026-04-05 02:15:00,0.08803,0.08797953799354512,0.09146035714285715,0.08797953799354512,-0.07767296011726556,target,0.0,False,True
AAVE-USD,2025-06-10 18:00:00,2025-06-11 12:45:00,303.48,319.7025,319.7025,272.96907215938376,-1.0671994234674065,stop,0.00014703977808599216,True,True
ACE-USD,2025-02-21 16:00:00,2025-02-23 16:00:00,1.049,1.038,1.120982142857143,0.9964030152579572,0.10909650210865628,time,0.008743835276606285,False,True
ACE-USD,2025-04-20 07:00:00,2025-04-20 09:45:00,0.5666,0.5899946428571429,0.5899946428571429,0.48861890076813835,-1.0859782306694143,stop,0.0012109609953438658,False,True
ACE-USD,2025-04-30 23:00:00,2025-05-02 23:00:00,0.6672,0.668,0.7112607142857144,0.6353083692871012,-0.0635849882467379,time,0.009085644808300226,True,True
ACE-USD,2025-06-30 23:00:00,2025-07-01 00:30:00,0.5292,0.5169886144019695,0.5489071428571429,0.5169886144019695,0.5243137309620377,target,0.0013426603841971685,False,True
ACE-USD,2025-12-06 17:45:00,2025-12-06 18:15:00,0.2848,0.31105714285714287,0.31105714285714287,0.2391942393145722,-1.039047660500544,stop,0.0,True,True
ACE-USD,2025-12-16 04:30:00,2025-12-17 01:15:00,0.2832,0.23975437812623543,0.3060089285714286,0.23975437812623543,1.8600655327102604,target,0.0,True,True
ACE-USD,2025-12-22 19:00:00,2025-12-24 06:45:00,0.2664,0.28059285714285714,0.28059285714285714,0.25052939773283744,-1.0675720181177657,stop,0.0,True,True
ACE-USD,2026-01-17 17:00:00,2026-01-17 21:15:00,0.2845,0.29562142857142854,0.29562142857142854,0.2737710544873212,-1.092092485549133,stop,0.0,False,True
ACE-USD,2026-02-16 11:15:00,2026-02-16 19:15:00,0.1724,0.17002278646654728,0.18359339285714285,0.17002278646654728,0.15692949902422046,target,0.0,False,True
ACE-USD,2026-08-14 20:00:00,2026-08-14 21:15:00,0.31243,0.3346346428571429,0.3346346428571429,0.16005064779236197,-1.0506537307191224,stop,0.0,True,True
ACH-USD,2025-03-21 23:45:00,2025-03-23 23:45:00,0.027823,0.026188,0.029234464285714287,0.024333188258190575,1.0401602795404974,time,-0.04724746823916394,True,True
ACH-USD,2026-02-12 16:00:00,2026-02-13 19:00:00,0.007797,0.008120660714285716,0.008120660714285716,0.0076324620689481835,-1.0956446912882754,stop,-0.008920542322758586,False,True
ACH-USD,2026-08-25 20:45:00,2026-08-25 21:00:00,0.004971,0.004959791293118499,0.005185160714285714,0.004959791293118499,-0.031223715053444165,target,0.0,False,True
ACT-USD,2025-02-25 19:00:00,2025-02-26 05:15:00,0.2168,0.23558392857142857,0.23558392857142857,0.19367243250796085,-1.0397046518338244,stop,0.0018457617035839903,True,True
ACT-USD,2025-08-28 17:00:00,2025-08-29 07:30:00,0.04183,0.040592477312744915,0.043384285714285716,0.040592477312744915,0.6945933044563951,target,-0.004721292123161759,True,True
ACT-USD,2025-10-26 05:00:00,2025-10-27 05:45:00,0.0238,0.02497767857142857,0.02497767857142857,0.022081940842429912,-1.0666905231235786,stop,0.006062774829416237,False,True
ACT-USD,2025-11-10 15:00:00,2025-11-11 20:00:00,0.02237,0.02065626799878476,0.02399535714285714,0.02065626799878476,1.0104483778428226,target,0.005623063977147889,True,True
ACT-USD,2025-11-19 04:45:00,2025-11-19 06:45:00,0.01924,0.020019464285714286,0.020019464285714286,0.018617078183270904,-1.088861030927835,stop,0.0,True,True
ACT-USD,2025-12-17 22:00:00,2025-12-18 10:00:00,0.02579,0.02722964285714286,0.02722964285714286,0.02129118992752178,-1.0618038700074421,stop,0.002687124782932273,True,True
ACT-USD,2026-02-03 12:00:00,2026-02-03 15:00:00,0.01641,0.0160926092153905,0.01719523214285714,0.0160926092153905,0.3289661369051927,target,0.0,True,True
AERO-USD,2025-06-19 12:00:00,2025-06-20 23:15:00,0.9273,0.8170595427140334,0.9697785714285714,0.8170595427140334,2.491297301791719,target,-0.025316927237262518,True,True
AERO-USD,2025-06-19 12:00:00,2025-06-20 23:15:00,0.9273,0.8170595427140334,0.9697785714285714,0.8170595427140334,2.491297301791719,target,-0.025316927237262518,True,True
AERO-USD,2025-08-08 20:00:00,2025-08-08 21:45:00,1.0275,1.0866964285714287,1.0866964285714287,0.8392443965720751,-1.0624868778280543,stop,0.0,True,True
AERO-USD,2025-11-11 05:00:00,2025-11-12 21:00:00,1.2308,1.055152980922174,1.3136892857142857,1.055152980922174,2.0665241070632603,target,0.0009237390253780851,True,True
AERO-USD,2026-09-08 08:00:00,2026-09-09 14:45:00,0.6341,0.5677258710360009,0.6816517857142858,0.5677258710360009,1.3519045047279077,target,0.004081957135453825,True,True
AEVO-USD,2026-08-02 12:00:00,2026-08-02 14:45:00,0.02008,0.01952881208802076,0.0216425,0.01952881208802076,0.3064959436667141,target,0.0,False,True
AGI-USD,2026-03-05 16:00:00,2026-03-06 00:45:00,0.01204,0.011604178372066981,0.012916607142857143,0.011604178372066981,0.4490969884752309,target,0.0013734772866164193,False,True
AGLD-USD,2025-02-08 06:00:00,2025-02-09 00:00:00,1.2239,1.3140232142857144,1.3140232142857144,1.1395987223762067,-1.1540983440290076,stop,-0.1052092754918859,True,True
AIOZ-USD,2026-09-08 20:00:00,2026-09-08 20:30:00,0.0697,0.07421535714285714,0.07421535714285714,0.062349413460432615,-1.0555703551372302,stop,0.0,False,True
AIOZ-USD,2026-09-08 20:00:00,2026-09-08 20:30:00,0.0697,0.07421535714285714,0.07421535714285714,0.062349413460432615,-1.0555703551372302,stop,0.0,False,True
AIXBT-USD,2025-01-22 08:00:00,2025-01-22 11:15:00,0.787,0.8222285714285714,0.8222285714285714,0.6918063811376145,-1.0804233576642337,stop,0.0,True,True
AIXBT-USD,2025-01-22 08:00:00,2025-01-22 11:15:00,0.787,0.8222285714285714,0.8222285714285714,0.6918063811376145,-1.0804233576642337,stop,0.0,True,True
AIXBT-USD,2025-12-31 16:00:00,2026-01-01 02:15:00,0.03321,0.03519785714285714,0.03519785714285714,0.03136326003576831,-1.0584725116780453,stop,0.0016706431908012976,True,True
AIXBT-USD,2026-06-21 21:00:00,2026-06-22 17:45:00,0.023249,0.022770634257117395,0.02463830357142857,0.022770634257117395,0.28826068047230513,target,0.0041835709052582834,False,True
AKT-USD,2025-08-14 06:30:00,2025-08-14 18:30:00,1.416,1.306819044769686,1.4668035714285714,1.306819044769686,2.052921719823401,target,0.004180808435852367,False,True
AKT-USD,2025-08-14 06:30:00,2025-08-14 18:30:00,1.416,1.306819044769686,1.4668035714285714,1.306819044769686,2.052921719823401,target,0.004180808435852367,False,True
AKT-USD,2025-10-26 03:15:00,2025-10-26 10:00:00,0.8045,0.8387339285714286,0.8387339285714286,0.6419543172002521,-1.3142343512388501,stop,-0.2296340695634029,False,True
AKT-USD,2026-05-04 00:15:00,2026-05-06 00:15:00,0.6453,0.6346,0.6866303571428571,0.5693459325563047,0.17654641823633446,time,-0.026135595157485408,True,True
AKT-USD,2026-05-22 14:15:00,2026-05-22 19:15:00,0.8501,0.7856683083700975,0.8816410714285715,0.7856683083700975,1.9471068625230856,target,0.0013476079941119807,True,True
AKT-USD,2026-05-22 14:15:00,2026-05-22 19:15:00,0.8501,0.7856683083700975,0.8816410714285715,0.7856683083700975,1.9471068625230856,target,0.0013476079941119807,True,True
AKT-USD,2026-05-24 22:00:00,2026-05-25 02:15:00,0.8207,0.8739821428571428,0.8739821428571428,0.7998696076279366,-1.0546803270996716,stop,0.0007701454521080505,True,True
AKT-USD,2026-08-01 17:00:00,2026-08-03 16:30:00,0.4691,0.49981785714285715,0.49981785714285715,0.45022576980498824,-1.0458137425880711,stop,0.009162748517614236,False,True
AKT-USD,2026-09-08 18:00:00,2026-09-09 22:15:00,0.5913,0.554203685495417,0.6181053571428572,0.554203685495417,1.3122223784269211,target,0.0077206581839984025,False,True
AKT-USD,2026-09-08 18:00:00,2026-09-09 22:15:00,0.5913,0.554203685495417,0.6181053571428572,0.554203685495417,1.3122223784269211,target,0.0077206581839984025,False,True
AKT-USD,2026-10-05 05:00:00,2026-10-07 05:00:00,0.7903,0.719,0.8541589285714286,0.7136316895289205,1.0793964374598022,time,0.0074254299376415615,True,True
ALCH-USD,2025-01-16 12:30:00,2025-01-17 04:30:00,0.16878,0.13476522758806597,0.18055357142857142,0.13476522758806597,2.840337837572513,target,0.002867099435782326,True,True
ALCH-USD,2025-02-25 09:30:00,2025-02-25 10:15:00,0.01875,0.020048035714285716,0.020048035714285716,0.01694384374153388,-1.0520016508460586,stop,0.0,True,True
ALCH-USD,2025-02-25 09:30:00,2025-02-25 10:15:00,0.01875,0.020048035714285716,0.020048035714285716,0.01694384374153388,-1.0520016508460586,stop,0.0,True,True
ALICE-USD,2025-10-09 15:00:00,2025-10-09 15:30:00,0.3817,0.3994214285714286,0.3994214285714286,0.3511126392403145,-1.0775400241837967,stop,0.0,True,True
ALICE-USD,2025-10-09 15:00:00,2025-10-09 15:30:00,0.3817,0.3994214285714286,0.3994214285714286,0.3511126392403145,-1.0775400241837967,stop,0.0,True,True
ALICE-USD,2026-06-01 07:15:00,2026-06-01 13:15:00,0.12791,0.12463617737815175,0.13804178571428571,0.12463617737815175,0.278937760977655,target,0.0012624625471465327,False,True
ALICE-USD,2026-09-29 15:30:00,2026-10-01 15:00:00,0.16702,0.1767,0.1767,0.15618830321250962,-1.051762396694215,stop,0.010352479338842983,False,True
ALT-USD,2025-11-20 21:00:00,2025-11-21 00:30:00,0.01539,0.016094107142857146,0.016094107142857146,0.014681261789389303,-1.0775940147096115,stop,0.0010928734466142467,True,True
ALT-USD,2026-04-07 11:00:00,2026-04-07 13:15:00,0.006435,0.006709071428571429,0.006709071428571429,0.00625786004712307,-1.1325025030492568,stop,-0.047977092572322036,False,True
ALT-USD,2026-04-07 11:00:00,2026-04-07 13:15:00,0.006435,0.006709071428571429,0.006709071428571429,0.00625786004712307,-1.1325025030492568,stop,-0.047977092572322036,False,True
ALT-USD,2026-04-17 02:00:00,2026-04-18 07:45:00,0.007373,0.007722642857142857,0.007722642857142857,0.007133565443049419,-1.0898900193953014,stop,-0.013975984665985725,True,True
ALT-USD,2026-05-21 07:15:00,2026-05-22 07:15:00,0.007744,0.008122660714285714,0.008122660714285714,0.006950506334794333,-1.1278704472190522,stop,-0.05424675469370433,False,True
ANIME-USD,2025-06-04 23:00:00,2025-06-05 14:15:00,0.0333,0.03493392857142857,0.03493392857142857,0.02959171321088513,-1.0775766990163937,stop,-0.00420751868852461,True,True
ANIME-USD,2025-07-21 12:00:00,2025-07-23 12:00:00,0.02488,0.02151,0.025975892857142857,0.020113528590432108,2.9933875183314287,time,0.0,True,True
ANIME-USD,2026-06-28 17:00:00,2026-06-29 03:30:00,0.002676,0.002829732142857143,0.002829732142857143,0.0026477477098203893,-1.0616879639075385,stop,0.0009768752143106047,False,True
ANIME-USD,2026-08-31 02:00:00,2026-09-01 18:30:00,0.002958,0.002660663723979106,0.0031667142857142857,0.002660663723979106,1.1697716956237232,target,-0.20381648517453813,False,True
ANIME-USD,2026-08-31 02:00:00,2026-09-01 18:30:00,0.002958,0.002660663723979106,0.0031667142857142857,0.002660663723979106,1.1697716956237232,target,-0.20381648517453813,False,True
ANKR-USD,2025-04-18 06:15:00,2025-04-19 01:45:00,0.01847,0.019320892857142856,0.019320892857142856,0.017035677994789295,-1.1584569557355722,stop,-0.08031315720461714,False,True
ANKR-USD,2025-07-27 10:00:00,2025-07-28 14:30:00,0.01784,0.017289876035289354,0.018672857142857144,0.017289876035289354,0.5898394087434884,target,0.006426072041166387,False,True
ANKR-USD,2026-03-06 04:00:00,2026-03-07 07:15:00,0.004784,0.00426662004129651,0.005119857142857143,0.00426662004129651,1.2544333403166437,target,-0.2347639846193109,False,True
API3-USD,2025-07-18 08:00:00,2025-07-18 20:45:00,0.7728,0.7346046664748755,0.8208732142857142,0.7346046664748755,0.7390638228174938,target,0.002411322016269831,False,True
API3-USD,2025-10-07 06:00:00,2025-10-07 08:00:00,0.9091,0.9560928571428571,0.9560928571428571,0.8044691909409308,-1.069643775649795,stop,0.0,True,True
API3-USD,2025-10-13 12:15:00,2025-10-14 05:45:00,0.7557,0.706737429073318,0.8143017857142858,0.706737429073318,0.7890894511668312,target,0.0,True,True
API3-USD,2025-12-21 02:00:00,2025-12-23 02:00:00,0.4678,0.4384,0.5001946428571429,0.40968308400051345,0.8555710931040172,time,0.0,False,True
API3-USD,2026-03-12 02:00:00,2026-03-14 02:00:00,0.3059,0.2856,0.33045892857142856,0.2830184721026529,0.7580040207721951,time,-0.02373855175743476,False,True
API3-USD,2026-06-17 19:30:00,2026-06-17 19:45:00,0.2739,0.27138989934051533,0.2876803571428571,0.27138989934051533,0.1105966009215244,target,0.0,False,True
AR-USD,2026-06-03 16:00:00,2026-06-04 02:15:00,2.5604,2.276452700084602,2.693425,2.276452700084602,2.0671745906062613,target,0.0019247509866566444,True,True
AR-USD,2026-06-03 16:00:00,2026-06-04 02:15:00,2.5604,2.276452700084602,2.693425,2.276452700084602,2.0671745906062613,target,0.0019247509866566444,True,True
ARB-USD,2025-06-30 09:00:00,2025-07-01 05:15:00,0.3636,0.32529231247666646,0.39315357142857144,0.32529231247666646,1.2518661869599246,target,-5.450265135951656e-05,True,True
ARB-USD,2026-09-01 13:45:00,2026-09-02 16:45:00,0.11131,0.12057178571428571,0.12057178571428571,0.09619002337677678,-1.038458242393861,stop,0.004807280299232641,True,True
ARC-USD,2025-01-16 12:00:00,2025-01-17 03:45:00,0.49457,0.37889684946848934,0.5204208928571429,0.37889684946848934,4.40862467154671,target,0.002869746140296341,True,True
ARC-USD,2025-01-18 08:30:00,2025-01-18 11:15:00,0.40642,0.37229439467301134,0.4432557142857143,0.37229439467301134,0.8867072068602696,target,0.0,True,True
ARC-USD,2025-11-25 14:30:00,2025-11-25 18:30:00,0.05308,0.05626607142857143,0.05626607142857143,0.03515705626662793,-1.0220595267795092,stop,0.03791652971639953,True,True
ARC-USD,2025-11-25 14:30:00,2025-11-25 18:30:00,0.05308,0.05626607142857143,0.05626607142857143,0.03515705626662793,-1.0220595267795092,stop,0.03791652971639953,True,True
ARC-USD,2026-02-03 20:00:00,2026-02-03 21:00:00,0.06514,0.07034303571428571,0.07034303571428571,0.05016313744577832,-1.0450706112503003,stop,0.0,True,True
ARC-USD,2026-05-16 09:00:00,2026-05-16 16:45:00,0.07748,0.06605212048978605,0.08100517857142857,0.06605212048978605,3.169261891004408,target,0.006598983492224298,True,True
ARC-USD,2026-05-16 09:00:00,2026-05-16 16:45:00,0.07748,0.06605212048978605,0.08100517857142857,0.06605212048978605,3.169261891004408,target,0.006598983492224298,True,True
ARK-USD,2025-03-06 14:00:00,2025-03-06 18:45:00,0.3825,0.36584771440809677,0.4048178571428571,0.36584771440809677,0.6786651780657564,target,-0.005777127220355265,True,True
ARK-USD,2025-03-06 14:00:00,2025-03-06 18:45:00,0.3825,0.36584771440809677,0.4048178571428571,0.36584771440809677,0.6786651780657564,target,-0.005777127220355265,True,True
ARK-USD,2025-05-03 23:00:00,2025-05-04 00:15:00,0.442,0.4675910714285714,0.4675910714285714,0.4374705186244621,-1.061314353499407,stop,0.0008635824436536184,True,True
ARK-USD,2025-11-06 20:00:00,2025-11-07 12:45:00,0.2861,0.28076720687212836,0.3013982142857143,0.28076720687212836,0.2850040564501148,target,0.0037403058246760885,False,True
ARK-USD,2026-04-29 14:00:00,2026-04-29 14:15:00,0.17801,0.17702643769400384,0.18716464285714285,0.17702643769400384,0.037437430530537455,target,0.0,False,True
ARK-USD,2026-04-29 14:00:00,2026-04-29 14:15:00,0.17801,0.17702643769400384,0.18716464285714285,0.17702643769400384,0.037437430530537455,target,0.0,False,True
ARK-USD,2026-09-25 04:00:00,2026-09-25 05:15:00,0.19783,0.20969428571428572,0.20969428571428572,0.1697559915519813,-1.0600278868151716,stop,0.0,True,True
ARKM-USD,2026-04-01 21:00:00,2026-04-02 01:45:00,0.10109,0.09826118225223894,0.10481553571428572,0.09826118225223894,0.6611000397652266,target,-0.0005212509150170155,False,True
ARKM-USD,2026-04-17 06:00:00,2026-04-18 14:00:00,0.12766,0.13429017857142858,0.13429017857142858,0.11407779577350824,-1.070720965016025,stop,-0.0014051848980581193,False,True
ARPA-USD,2025-02-01 11:00:00,2025-02-01 12:15:00,0.0446,0.046805,0.046805,0.04134199974072658,-1.0728163265306123,stop,0.0,False,True
ARPA-USD,2025-03-16 02:00:00,2025-03-16 11:15:00,0.0281,0.027572329611023558,0.029174642857142857,0.027572329611023558,0.3995005281269651,target,0.002614822200066467,False,True
ARPA-USD,2025-03-22 16:00:00,2025-03-22 20:45:00,0.03044,0.03173410714285715,0.03173410714285715,0.028484444539780922,-1.08467923278598,stop,0.0,False,True
ARPA-USD,2025-07-01 20:15:00,2025-07-01 20:30:00,0.02229,0.023366964285714286,0.023366964285714286,0.018909741627508397,-1.0745094345879622,stop,0.0,False,True
ARPA-USD,2025-08-28 17:15:00,2025-08-28 20:00:00,0.02289,0.02275819176085023,0.024667142857142856,0.02275819176085023,0.027799813026397953,target,0.0,False,True
ARPA-USD,2025-10-13 15:00:00,2025-10-13 18:00:00,0.0176,0.01832267857142857,0.01832267857142857,0.017578373784833404,-1.0852384482332595,stop,0.002435384235235987,False,True
ARPA-USD,2025-10-13 15:00:00,2025-10-13 18:00:00,0.0176,0.01832267857142857,0.01832267857142857,0.017578373784833404,-1.0852384482332595,stop,0.002435384235235987,False,True
ARPA-USD,2026-01-19 13:15:00,2026-01-21 13:15:00,0.021766,0.015311,0.023094839285714285,0.013377770769604672,4.30655354598724,time,-0.4921022949050602,False,True
ARPA-USD,2026-02-17 08:00:00,2026-02-17 09:15:00,0.010489,0.010281001739754592,0.011157553571428572,0.010281001739754592,0.25463607932217286,target,0.0,False,True
ARPA-USD,2026-09-13 08:00:00,2026-09-13 22:30:00,0.009691,0.009484220798549606,0.010442857142857143,0.009484220798549606,0.22991163027793177,target,0.0012889416682500478,False,True
ARPA-USD,2026-09-19 21:15:00,2026-09-20 02:45:00,0.010571,0.01014954958703186,0.010947821428571428,0.01014954958703186,1.0202496031758097,target,0.002805307553786377,False,True
ARPA-USD,2026-10-06 17:00:00,2026-10-07 02:15:00,0.012237,0.011552565480199988,0.012907160714285713,0.011552565480199988,0.9592051706957471,target,0.0036413691342695033,False,True
ASTR-USD,2025-05-12 15:45:00,2025-05-13 07:00:00,0.03315,0.03349,0.034729642857142855,0.03160328195618108,-0.28707172032557116,time,0.0037155281483156255,False,True
ASTR-USD,2026-09-15 02:45:00,2026-09-17 02:45:00,0.007921,0.006252,0.008365017857142856,0.006098098024837518,2.93079750531591,time,-0.7638385855749057,False,True
ATH-USD,2025-05-15 03:00:00,2025-05-17 03:00:00,0.05304,0.04721,0.05709642857142857,0.04466634477888604,1.3979982391266053,time,0.007845324881141045,True,True
AUCTION-USD,2025-11-28 03:00:00,2025-11-28 19:45:00,6.018,6.244232142857142,6.244232142857142,5.661709354492587,-1.2759757421359228,stop,-0.18021216174283708,True,True
AUCTION-USD,2026-08-30 10:15:00,2026-08-30 11:45:00,3.689,3.8964107142857145,3.8964107142857145,3.1943882596234014,-1.0640294791218252,stop,0.0,False,True
AVA-USD,2025-05-03 10:00:00,2025-05-03 18:15:00,0.6617,0.6905,0.6905,0.6186273607097734,-1.0804149305555555,stop,0.0022975694444444406,False,True
AVA-USD,2025-09-21 17:00:00,2025-09-22 01:15:00,0.6015,0.5677522333319013,0.6399928571428571,0.5677522333319013,0.8220360611493468,target,0.0015626275746891832,False,True
AVA-USD,2025-09-21 17:00:00,2025-09-22 01:15:00,0.6015,0.5677522333319013,0.6399928571428571,0.5677522333319013,0.8220360611493468,target,0.0015626275746891832,False,True
AVA-USD,2025-11-12 15:00:00,2025-11-12 16:15:00,0.3808,0.3714144391634842,0.39801785714285715,0.3714144391634842,0.46659237382792607,target,0.0011058286662518166,False,True
AVA-USD,2026-09-13 07:00:00,2026-09-13 07:30:00,0.1973,0.21199107142857143,0.21199107142857143,0.16246437009355075,-1.0483477330740245,stop,0.0,False,True
AVAAI-USD,2025-02-25 01:00:00,2025-02-25 04:15:00,0.05187,0.04723278487759247,0.05630678571428572,0.04723278487759247,1.0030872367979606,target,0.0,True,True
AVAAI-USD,2025-02-25 01:00:00,2025-02-25 04:15:00,0.05187,0.04723278487759247,0.05630678571428572,0.04723278487759247,1.0030872367979606,target,0.0,True,True
AVAAI-USD,2025-03-13 14:15:00,2025-03-13 18:15:00,0.04295,0.039021420632295745,0.04497196428571429,0.039021420632295745,1.868605887056772,target,0.002124172039212222,True,True
AVAAI-USD,2025-04-29 06:00:00,2025-04-29 08:00:00,0.05419,0.05795196428571429,0.05795196428571429,0.04879067148596773,-1.0511367161911993,stop,0.0007202354393126692,True,True
AVAAI-USD,2025-04-29 06:00:00,2025-04-29 08:00:00,0.05419,0.05795196428571429,0.05795196428571429,0.04879067148596773,-1.0511367161911993,stop,0.0007202354393126692,True,True
AVAAI-USD,2025-05-04 18:00:00,2025-05-06 18:00:00,0.08831,0.07305,0.09215017857142857,0.0699819739034027,3.90478456172983,time,0.013797795861427578,True,True
AVAAI-USD,2025-07-06 04:30:00,2025-07-06 14:30:00,0.03119,0.03243678571428572,0.03243678571428572,0.030198067258993655,-1.0875571469492982,stop,0.002501632769979942,True,True
AVAAI-USD,2025-07-14 16:00:00,2025-07-14 19:30:00,0.04299,0.04584428571428571,0.04584428571428571,0.03619110703126352,-1.0542216216216216,stop,0.0,True,True
AVAAI-USD,2025-07-14 16:00:00,2025-07-14 19:30:00,0.04299,0.04584428571428571,0.04584428571428571,0.03619110703126352,-1.0542216216216216,stop,0.0,True,True
AVAAI-USD,2026-02-01 13:45:00,2026-02-01 14:45:00,0.009685,0.010179732142857143,0.010179732142857143,0.008209868847027657,-1.070474499187872,stop,0.0,False,True
AVAAI-USD,2026-04-14 19:45:00,2026-04-16 07:15:00,0.008319,0.009076946428571427,0.009076946428571427,0.007516105832540153,-1.03457348568736,stop,0.004939069383908597,False,True
AVAAI-USD,2026-05-13 11:00:00,2026-05-13 13:45:00,0.009746,0.008658863222802996,0.010297732142857143,0.008658863222802996,1.911697171049361,target,0.0048820782237757624,False,True
AVAAI-USD,2026-05-13 11:00:00,2026-05-13 13:45:00,0.009746,0.008658863222802996,0.010297732142857143,0.008658863222802996,1.911697171049361,target,0.0048820782237757624,False,True
AVAAI-USD,2026-06-23 19:15:00,2026-06-24 13:15:00,0.006361,0.005545578232925539,0.006619767857142857,0.005545578232925539,3.068821707002271,target,0.006145469601821831,False,True
AXL-USD,2025-03-06 13:00:00,2025-03-07 00:15:00,0.4337,0.4078845241892279,0.4541982142857143,0.4078845241892279,1.1864063118766761,target,0.003173691088073872,True,True
AXL-USD,2025-03-06 13:00:00,2025-03-07 00:15:00,0.4337,0.4078845241892279,0.4541982142857143,0.4078845241892279,1.1864063118766761,target,0.003173691088073872,True,True
AXL-USD,2025-07-25 03:00:00,2025-07-27 03:00:00,0.4303,0.4144,0.4647928571428571,0.38826887142513006,0.416054835369643,time,0.0,True,True
AXL-USD,2025-12-12 17:30:00,2025-12-14 05:45:00,0.1458,0.15819642857142857,0.15819642857142857,0.12954513815908042,-1.0423412273120138,stop,0.0,True,True
AXL-USD,2026-09-01 08:00:00,2026-09-01 08:30:00,0.04364,0.042884631613206096,0.04593642857142857,0.042884631613206096,0.2605194841404235,target,0.0,False,True
AXS-USD,2025-05-14 03:15:00,2025-05-15 11:00:00,3.539,3.0980995978541785,3.6983035714285717,3.0980995978541785,2.6601893143107267,target,-0.027509387647124742,True,True
AXS-USD,2025-05-14 03:15:00,2025-05-15 11:00:00,3.539,3.0980995978541785,3.6983035714285717,3.0980995978541785,2.6601893143107267,target,-0.027509387647124742,True,True
AXS-USD,2025-08-31 05:00:00,2025-09-01 20:45:00,2.674,2.335699499331422,2.8071964285714284,2.335699499331422,2.4439485990723133,target,-0.023640841528355026,True,True
AXS-USD,2026-01-17 07:30:00,2026-01-17 08:45:00,1.5116,1.5829892857142858,1.5829892857142858,1.1848856779548314,-1.0762265646105358,stop,0.0,True,True
AXS-USD,2026-01-17 07:30:00,2026-01-17 08:45:00,1.5116,1.5829892857142858,1.5829892857142858,1.1848856779548314,-1.0762265646105358,stop,0.0,True,True
AXS-USD,2026-02-09 08:45:00,2026-02-09 14:15:00,1.5073,1.3802453114610294,1.6046624999999999,1.3802453114610294,1.249232595085079,target,0.0,True,True
AXS-USD,2026-09-25 22:00:00,2026-09-26 01:00:00,1.1851,1.2292946428571427,1.2292946428571427,1.1082422553531808,-1.0938541355206275,stop,0.002681546729160784,True,True
AXS-USD,2026-09-25 22:00:00,2026-09-26 01:00:00,1.1851,1.2292946428571427,1.2292946428571427,1.1082422553531808,-1.0938541355206275,stop,0.002681546729160784,True,True
BAN-USD,2025-08-21 04:15:00,2025-08-21 18:30:00,0.08507,0.08861464285714286,0.08861464285714286,0.07271377726775154,-1.0821986196473552,stop,0.0041999294710327465,True,True
BANANA-USD,2025-05-28 16:00:00,2025-05-28 17:00:00,24.029,24.897357142857143,24.897357142857143,22.78407398482532,-1.099618458501275,stop,0.0,True,True
BANANA-USD,2025-07-15 03:45:00,2025-07-15 06:45:00,22.03,23.797785714285713,23.797785714285713,20.009843122358888,-1.044239807668997,stop,0.0006230958826619268,False,True
BANANA-USD,2025-07-21 12:00:00,2025-07-22 16:30:00,27.509,29.71980357142857,29.71980357142857,25.110676591919127,-1.040439707604701,stop,0.004355045434352412,True,True
BANANA-USD,2025-09-13 17:15:00,2025-09-13 22:15:00,21.919,22.718267857142855,22.718267857142855,21.317236297488638,-1.0973546593981103,stop,0.0013711923858888756,False,True
BANANA-USD,2025-09-13 17:15:00,2025-09-13 22:15:00,21.919,22.718267857142855,22.718267857142855,21.317236297488638,-1.0973546593981103,stop,0.0013711923858888756,False,True
BANANA-USD,2025-10-03 08:45:00,2025-10-05 08:45:00,18.683,19.444,20.004392857142857,17.75567610872305,-0.6183240628125077,time,0.008483321170842453,True,True
BANANA-USD,2025-12-25 10:00:00,2025-12-27 10:00:00,7.874,7.428,8.472607142857143,6.681338790177314,0.5189870008853879,time,-0.17872201408985128,True,True
BANANA-USD,2026-03-07 19:15:00,2026-03-09 19:15:00,5.311,4.721,5.557482142857143,4.32338964610402,1.746555047720057,time,-0.5695575654799668,False,True
BANANA-USD,2026-03-07 19:15:00,2026-03-09 19:15:00,5.311,4.721,5.557482142857143,4.32338964610402,1.746555047720057,time,-0.5695575654799668,False,True
BAND-USD,2025-08-16 21:30:00,2025-08-18 21:30:00,0.7737,0.734,0.8074089285714285,0.6970416392675641,1.1067171562854317,time,0.011616197446628201,False,True
BAND-USD,2025-08-16 21:30:00,2025-08-18 21:30:00,0.7737,0.734,0.8074089285714285,0.6970416392675641,1.1067171562854317,time,0.011616197446628201,False,True
BAND-USD,2025-11-30 22:00:00,2025-12-01 05:30:00,0.4279,0.3871089689525184,0.46041071428571423,0.3871089689525184,1.1825551050527157,target,-0.024757373613094633,False,True
BAND-USD,2026-10-07 00:00:00,2026-10-07 02:15:00,0.2418,0.23421559047419138,0.25229285714285715,0.23421559047419138,0.6398571365644675,target,0.0,False,True
BAND-USD,2026-10-07 00:00:00,2026-10-07 02:15:00,0.2418,0.23421559047419138,0.25229285714285715,0.23421559047419138,0.6398571365644675,target,0.0,False,True
BAT-USD,2025-10-10 15:00:00,2025-10-10 21:00:00,0.171,0.1571899756501006,0.18045,0.1571899756501006,1.3980449047512633,target,0.0018095238095238125,False,True
BAT-USD,2025-10-13 12:00:00,2025-10-15 12:00:00,0.2279,0.1941,0.24773035714285715,0.1668019199387721,1.669980009004951,time,0.006895488518685269,True,True
BAT-USD,2025-11-24 01:00:00,2025-11-24 04:45:00,0.1908,0.1997267857142857,0.1997267857142857,0.18574997094381182,-1.076945949189838,stop,0.0,True,True
BAT-USD,2026-09-14 00:00:00,2026-09-14 05:30:00,0.07848,0.07554464638185572,0.08454660714285714,0.07554464638185572,0.43728323850139605,target,0.0,False,True
BAT-USD,2026-10-05 05:00:00,2026-10-05 17:00:00,0.10238,0.10621964285714286,0.10621964285714286,0.0985850277087691,-1.0965655854450749,stop,-0.0005754077871825871,False,True
BB-USD,2025-03-17 14:00:00,2025-03-17 18:15:00,0.1229,0.12736428571428574,0.12736428571428574,0.12082602591427652,-1.0977300799999994,stop,0.0013764799999999922,True,True
BB-USD,2025-08-27 07:00:00,2025-08-27 07:45:00,0.1459,0.13818134517278258,0.15250357142857143,0.13818134517278258,1.089321877566727,target,0.0,True,True
BB-USD,2026-04-24 05:00:00,2026-04-24 05:15:00,0.02767,0.027495011442976145,0.029517500000000002,0.027495011442976145,0.040799218957431646,target,0.0,False,True
BB-USD,2026-05-21 07:00:00,2026-05-22 22:45:00,0.03263,0.029858816737462556,0.03446303571428572,0.029858816737462556,1.4566166069371314,target,0.008900535801266422,False,True
BB-USD,2026-06-15 23:30:00,2026-06-16 14:45:00,0.02294,0.02225258042371659,0.02472142857142857,0.02225258042371659,0.34209823849108684,target,0.0025754611066559725,False,True
BB-USD,2026-06-15 23:30:00,2026-06-16 14:45:00,0.02294,0.02225258042371659,0.02472142857142857,0.02225258042371659,0.34209823849108684,target,0.0025754611066559725,False,True
BEAM-USD,2026-08-28 05:45:00,2026-08-28 16:30:00,0.0017286,0.0015952829088314794,0.0018748875,0.0015952829088314794,0.8705694004513082,target,0.0017724685977954387,False,True
BEAM-USD,2026-10-05 05:30:00,2026-10-05 12:00:00,0.002532,0.002695380357142857,0.002695380357142857,0.0023102673450447844,-1.0542415266741718,stop,0.001549757904976336,True,True
BEL-USD,2025-01-27 03:00:00,2025-01-27 06:15:00,0.5632,0.5869696428571428,0.5869696428571428,0.5332467624054852,-1.0852987153482085,stop,0.0,False,True
BEL-USD,2025-01-29 14:00:00,2025-01-30 08:00:00,0.6893,0.7326285714285714,0.7326285714285714,0.6265553798263691,-1.0531707565941313,stop,0.004100460023079464,True,True
BEL-USD,2025-03-16 02:00:00,2025-03-18 02:00:00,0.642,0.6402,0.6901892857142857,0.6039620807370402,-0.003187954702437796,time,0.00742021249536797,True,True
BEL-USD,2025-07-01 11:00:00,2025-07-01 15:15:00,0.2356,0.24669821428571428,0.24669821428571428,0.2177118681361898,-1.0764231053901852,stop,0.0,False,True
BEL-USD,2025-10-16 05:00:00,2025-10-16 05:30:00,0.4015,0.4243696428571429,0.4243696428571429,0.2808561474606458,-1.0632016865776528,stop,0.0,True,True
BEL-USD,2026-06-25 12:00:00,2026-06-25 12:30:00,0.1536,0.16226625,0.16226625,0.15168539203939577,-1.063806144526179,stop,0.0,True,True
BEL-USD,2026-09-01 16:00:00,2026-09-01 16:30:00,0.11821,0.11770219982089286,0.12512017857142857,0.11770219982089286,0.011901889112849937,target,0.0,False,True
BEL-USD,2026-09-01 16:00:00,2026-09-01 16:30:00,0.11821,0.11770219982089286,0.12512017857142857,0.11770219982089286,0.011901889112849937,target,0.0,False,True
BICO-USD,2026-06-19 08:15:00,2026-06-19 10:15:00,0.02177,0.023187857142857145,0.023187857142857145,0.019680572095208383,-1.0552749622166246,stop,0.0,False,True
BICO-USD,2026-06-19 08:15:00,2026-06-19 10:15:00,0.02177,0.023187857142857145,0.023187857142857145,0.019680572095208383,-1.0552749622166246,stop,0.0,False,True
BICO-USD,2026-08-03 02:30:00,2026-08-03 13:30:00,0.018119,0.018942732142857143,0.018942732142857143,0.01238762879662238,-1.0769867978928656,stop,0.0021996227969390174,False,True
BIGTIME-USD,2025-02-21 16:15:00,2025-02-23 16:15:00,0.07637,0.06901,0.081925,0.06676483187971345,1.2912852872907266,time,0.01584550331233122,True,True
BIGTIME-USD,2025-03-27 13:00:00,2025-03-28 00:15:00,0.05871,0.06178589285714285,0.06178589285714285,0.05519348267750633,-1.0736395252435413,stop,-0.004925818422060964,True,True
BIGTIME-USD,2025-04-03 04:00:00,2025-04-03 04:30:00,0.05598,0.059676964285714285,0.059676964285714285,0.05073235614516685,-1.0545117519200116,stop,0.0,True,True
BIGTIME-USD,2025-04-24 04:15:00,2025-04-24 11:15:00,0.07535,0.0730705664326247,0.08106374999999999,0.0730705664326247,0.3521226982936426,target,0.0006593743163421583,True,True
BIGTIME-USD,2025-05-12 19:30:00,2025-05-13 00:15:00,0.08468,0.09186196428571429,0.09186196428571429,0.08259378318253122,-1.041267261741963,stop,0.001179064621198936,True,True
BIGTIME-USD,2025-07-21 12:00:00,2025-07-23 12:00:00,0.07136,0.06754,0.07618321428571428,0.06519871468891113,0.7513752858822678,time,0.012634730532395432,True,True
BIGTIME-USD,2026-01-17 20:00:00,2026-01-18 12:15:00,0.02553,0.0266225,0.0266225,0.023627060225452915,-1.0794526315789472,stop,0.004673684210526318,True,True
BIGTIME-USD,2026-01-17 20:00:00,2026-01-18 12:15:00,0.02553,0.0266225,0.0266225,0.023627060225452915,-1.0794526315789472,stop,0.004673684210526318,True,True
BIGTIME-USD,2026-08-16 21:00:00,2026-08-17 16:15:00,0.005371,0.005124163408950971,0.005629267857142857,0.005124163408950971,0.8860713198330639,target,0.005199059669501488,False,True
BIO-USD,2025-08-08 11:00:00,2025-08-08 12:00:00,0.08733,0.09382607142857143,0.09382607142857143,0.07322183033782691,-1.047724459838364,stop,0.0006721754906811819,True,True
BIO-USD,2025-12-26 17:30:00,2025-12-28 17:30:00,0.04702,0.04548,0.050423214285714286,0.043615198550274986,0.370082548632595,time,-0.03269197125406652,True,True
BIO-USD,2026-02-20 12:00:00,2026-02-22 12:00:00,0.03221,0.02721,0.03454446428571429,0.025019038666588708,2.092147663122465,time,0.0,True,True
BIO-USD,2026-04-21 22:00:00,2026-04-22 01:30:00,0.03027,0.029151156645315052,0.03154017857142857,0.029151156645315052,0.7962540680775596,target,0.0011915647406157707,True,True
BIO-USD,2026-04-21 22:00:00,2026-04-22 01:30:00,0.03027,0.029151156645315052,0.03154017857142857,0.029151156645315052,0.7962540680775596,target,0.0011915647406157707,True,True
BIO-USD,2026-06-30 22:30:00,2026-07-02 22:30:00,0.02988,0.02974,0.03138607142857143,0.02838956421550126,0.0334379890917722,time,0.011903817880009479,True,True
BNB-USD,2025-07-23 14:00:00,2025-07-23 16:45:00,780.9,769.6026307505206,813.2517857142857,769.6026307505206,0.2647216856934628,target,0.00241377711541646,True,True
BNB-USD,2025-07-23 14:00:00,2025-07-23 16:45:00,780.9,769.6026307505206,813.2517857142857,769.6026307505206,0.2647216856934628,target,0.00241377711541646,True,True
BNT-USD,2026-03-13 19:00:00,2026-03-15 19:00:00,0.3019,0.2992,0.32110535714285715,0.29346217689440696,0.09342705718270466,time,0.009431743375174335,False,True
BOME-USD,2025-08-24 04:00:00,2025-08-25 16:00:00,0.002442,0.002069017676247475,0.0025684285714285718,0.002069017676247475,2.8892996229013255,target,0.00869186440677965,True,True
BSV-USD,2025-01-11 14:00:00,2025-01-12 00:30:00,58.23,56.27777447287066,61.50785714285714,56.27777447287066,0.533535330403371,target,0.00190827919808237,True,True
BSV-USD,2026-03-11 03:00:00,2026-03-13 03:00:00,16.072,14.918,16.782410714285714,14.015003422910079,1.481050956977603,time,-0.06191676290274738,False,True
C98-USD,2025-07-18 10:15:00,2025-07-18 14:45:00,0.0605,0.05784614892877389,0.06313571428571428,0.05784614892877389,0.9242470188933749,target,0.0,True,True
CAKE-USD,2025-03-17 11:00:00,2025-03-18 06:45:00,2.595,2.7183214285714286,2.7183214285714286,1.8003105763443428,-1.0784229291051262,stop,-0.0026696710686359734,True,True
CAKE-USD,2025-05-27 21:00:00,2025-05-29 21:00:00,2.779,2.6,2.9213214285714284,2.5297652166546802,1.1897450674127972,time,0.002323034790464242,True,True
CAKE-USD,2025-07-23 14:30:00,2025-07-23 16:30:00,2.803,2.7510993409539632,3.0097857142857145,2.7510993409539632,0.20286705583575573,target,0.0006777547495682201,True,True
CAKE-USD,2025-07-28 10:45:00,2025-07-29 15:00:00,3.201,2.8923131303594083,3.3353035714285713,2.8923131303594083,2.2195043896440856,target,0.006880656114878353,True,True
CAKE-USD,2026-05-31 15:00:00,2026-06-01 08:15:00,1.4834,1.431917079479631,1.5733928571428573,1.431917079479631,0.5111390653743683,target,-0.0015980782760536538,False,True
CAKE-USD,2026-08-31 00:00:00,2026-09-02 00:00:00,1.809,1.81,1.9264464285714284,1.7595941430101896,-0.06447708637980941,time,-0.0005126040930515435,False,True
CARV-USD,2025-02-27 03:00:00,2025-02-27 04:15:00,0.4856,0.5251285714285714,0.5251285714285714,0.36601842488492886,-1.0442252258764004,stop,0.0,True,True
CARV-USD,2026-05-06 15:00:00,2026-05-08 15:00:00,0.06167,0.06115,0.06389892857142858,0.05825194644209983,0.1502919403941671,time,0.01660080115366124,False,True
CATI-USD,2025-05-29 19:00:00,2025-05-29 22:30:00,0.1348,0.14111964285714287,0.14111964285714287,0.11689377763345862,-1.0757226335122914,stop,0.0010665159649618514,True,True
CATI-USD,2026-05-27 17:00:00,2026-05-27 21:45:00,0.05854,0.055865481425157563,0.060779821428571426,0.055865481425157563,1.1012938546693516,target,0.0013068006059156526,False,True
CATI-USD,2026-05-27 17:00:00,2026-05-27 21:45:00,0.05854,0.055865481425157563,0.060779821428571426,0.055865481425157563,1.1012938546693516,target,0.0013068006059156526,False,True
CATI-USD,2026-08-10 10:00:00,2026-08-10 13:15:00,0.04445,0.043513999702211384,0.04692214285714286,0.043513999702211384,0.31478876535800887,target,0.0008990176249638848,False,True
CELO-USD,2025-04-30 07:30:00,2025-04-30 13:30:00,0.3669,0.3517454649446501,0.3965392857142857,0.3517454649446501,0.45483507522086736,target,-0.011900027261115801,True,True
CELO-USD,2025-05-10 16:00:00,2025-05-11 11:15:00,0.4126,0.4424392857142857,0.4424392857142857,0.3747435666228623,-1.0470131897067623,stop,0.0027654817474566163,True,True
CELO-USD,2026-03-20 13:00:00,2026-03-21 10:45:00,0.08325,0.086495,0.086495,0.08043240298143352,-1.0866305400616334,stop,0.0057269329738058585,False,True
CELO-USD,2026-09-30 04:00:00,2026-09-30 06:30:00,0.09892,0.09873008128764796,0.10669285714285714,0.09873008128764796,-0.021381235315856433,target,0.0,False,True
CETUS-USD,2025-04-25 03:15:00,2025-04-25 06:30:00,0.18802,0.20383642857142859,0.20383642857142859,0.13926879953196894,-1.0429241262231856,stop,-0.00012862425868220186,True,True
CETUS-USD,2026-01-06 08:00:00,2026-01-07 14:15:00,0.03112,0.02730499773683604,0.03361464285714286,0.02730499773683604,1.4887350518051645,target,0.004366156048675732,False,True
CETUS-USD,2026-03-30 18:00:00,2026-03-30 18:15:00,0.029268,0.026012241483293477,0.031185839285714285,0.026012241483293477,1.6426786854213278,target,0.0,False,True
CETUS-USD,2026-03-30 18:00:00,2026-03-30 18:15:00,0.029268,0.026012241483293477,0.031185839285714285,0.026012241483293477,1.6426786854213278,target,0.0,False,True
CETUS-USD,2026-08-09 04:15:00,2026-08-10 04:00:00,0.018851,0.020051446428571425,0.020051446428571425,0.01804852547412532,-1.0496465319997026,stop,0.006885436761918946,False,True
CFX-USD,2025-07-20 11:00:00,2025-07-20 13:00:00,0.14693,0.15577107142857144,0.15577107142857144,0.10888814722820675,-1.059828495253484,stop,0.0,True,True
CFX-USD,2025-12-25 10:00:00,2025-12-25 23:45:00,0.07344,0.07212954846369637,0.07896035714285715,0.07212954846369637,0.1908230770298353,target,0.0013303487093226363,True,True
CGPT-USD,2025-05-14 02:00:00,2025-05-14 17:15:00,0.13875,0.13390942300190595,0.1461076785714286,0.13390942300190595,0.5914206778469224,target,0.001414338761740649,True,True
CGPT-USD,2025-06-11 06:00:00,2025-06-11 21:45:00,0.11256,0.10870030900725408,0.11684517857142857,0.10870030900725408,0.8107417076875071,target,0.004596774596824602,False,True
CGPT-USD,2025-10-26 03:00:00,2025-10-27 13:45:00,0.0589,0.05707481529791478,0.06368053571428572,0.05707481529791478,0.3426764906681572,target,0.005236337828246974,False,True
CGPT-USD,2026-01-09 19:00:00,2026-01-10 02:15:00,0.03532,0.036771785714285715,0.036771785714285715,0.034150454255991565,-1.087583173431734,stop,0.0,False,True
CGPT-USD,2026-02-27 13:45:00,2026-02-28 06:45:00,0.022346,0.01978306635279173,0.023553428571428572,0.01978306635279173,2.0465041367413526,target,-0.009508207136772365,False,True
CGPT-USD,2026-04-24 10:00:00,2026-04-25 19:45:00,0.025216,0.026170285714285712,0.026170285714285712,0.022703376870906,-1.084556646706587,stop,0.010569580838323368,False,True
CHILLGUY-USD,2025-04-17 15:00:00,2025-04-17 15:45:00,0.02231,0.02339714285714286,0.02339714285714286,0.020342612198437793,-1.0738780551905387,stop,0.0,True,True
CHILLGUY-USD,2025-11-25 08:00:00,2025-11-25 11:30:00,0.019153,0.02069742857142857,0.02069742857142857,0.016866879398523802,-1.04464486171492,stop,0.0,False,True
CHILLGUY-USD,2026-04-10 08:15:00,2026-04-10 12:45:00,0.01219,0.0131795,0.0131795,0.00946662240186666,-1.043733703890854,stop,0.0006159676604345624,False,True
CHR-USD,2025-08-21 08:30:00,2025-08-21 13:15:00,0.10188,0.10000707901198551,0.10737089285714285,0.10000707901198551,0.27430019619763724,target,0.0,False,True
CHR-USD,2025-10-16 14:00:00,2025-10-16 14:30:00,0.07336,0.07216621726522492,0.07658089285714285,0.07216621726522492,0.28864255223931007,target,0.0,False,True
CHR-USD,2025-10-20 18:00:00,2025-10-21 09:45:00,0.07582,0.07271380218883032,0.08073517857142858,0.07271380218883032,0.5752519489333399,target,-0.0011759000239782004,False,True
CHR-USD,2026-04-03 18:00:00,2026-04-04 08:00:00,0.01891,0.020472678571428572,0.020472678571428572,0.01644272430136277,-1.0411434578905268,stop,0.002420203405325104,False,True
CHR-USD,2026-07-12 06:00:00,2026-07-13 02:00:00,0.01545,0.015003148372332745,0.016119107142857143,0.015003148372332745,0.5916341379601351,target,0.0069271417133706945,False,True
CHR-USD,2026-09-23 08:30:00,2026-09-23 14:15:00,0.022075,0.019142014798864068,0.02386005357142857,0.019142014798864068,1.5985599798286612,target,0.0,False,True
CHZ-USD,2026-04-21 03:00:00,2026-04-21 16:15:00,0.04716,0.04898607142857143,0.04898607142857143,0.042672215474945575,-1.0878081752395854,stop,0.0051651867787991445,True,True
CHZ-USD,2026-04-27 11:15:00,2026-04-27 12:45:00,0.0497,0.04905913919912012,0.05155803571428571,0.04905913919912012,0.2486178265187271,target,0.0,True,True
CHZ-USD,2026-05-15 05:45:00,2026-05-15 06:00:00,0.04365,0.04358689360257824,0.04523535714285715,0.04358689360257824,-0.05931382906489407,target,0.0,True,True
CKB-USD,2025-01-16 09:00:00,2025-01-16 09:15:00,0.010783,0.01073800410693825,0.011327357142857142,0.01073800410693825,0.011347500703907706,target,0.0,True,True
CKB-USD,2025-02-28 02:00:00,2025-03-02 02:00:00,0.007237,0.006355,0.007767142857142857,0.005991266580594917,1.5874629634842374,time,-0.02709580773645921,True,True
CKB-USD,2025-12-28 19:00:00,2025-12-28 19:45:00,0.002453,0.002439775457564375,0.0025804464285714285,0.002439775457564375,0.03447521036779906,target,0.0,False,True
CKB-USD,2025-12-28 19:00:00,2025-12-28 19:45:00,0.002453,0.002439775457564375,0.0025804464285714285,0.002439775457564375,0.03447521036779906,target,0.0,False,True
COMP-USD,2025-06-04 12:15:00,2025-06-05 20:30:00,47.43,42.71978903603343,51.12625,42.71978903603343,1.2274578051718819,target,-0.0006687998917822117,True,True
COMP-USD,2025-06-10 15:00:00,2025-06-12 15:00:00,58.77,57.51,62.86946428571429,48.45655530815916,0.26434917454371354,time,0.008601611708846981,True,True
COOKIE-USD,2025-01-16 12:00:00,2025-01-16 15:45:00,0.5862,0.5429252887406228,0.6264857142857143,0.5429252887406228,1.021811130551917,target,0.0,True,True
COOKIE-USD,2025-03-10 18:00:00,2025-03-10 18:15:00,0.169,0.16894305516626854,0.1793732142857143,0.16894305516626854,-0.053161455174793204,target,0.0,True,True
COOKIE-USD,2026-05-07 22:00:00,2026-05-09 01:15:00,0.018844,0.01957025,0.01957025,0.017813230717062537,-1.0937288235180722,stop,-0.00031966689156626447,False,True
COOKIE-USD,2026-05-18 16:00:00,2026-05-19 02:00:00,0.018829,0.017954691550871402,0.020172125,0.017954691550871402,0.6003680035354833,target,-0.00011523453140995806,False,True
COOKIE-USD,2026-07-27 16:00:00,2026-07-27 22:45:00,0.009144,0.008691381577312056,0.009758571428571429,0.008691381577312056,0.683658893262576,target,0.0007439330543933042,False,True
CORE-USD,2026-08-01 07:45:00,2026-08-01 15:45:00,0.01886,0.019688392857142856,0.019688392857142856,0.018013071268053474,-1.079684414744557,stop,0.0022766975641301994,False,True
COTI-USD,2025-08-14 12:00:00,2025-08-14 12:45:00,0.06108,0.05805175638273599,0.06412142857142858,0.05805175638273599,0.9233672766955396,target,0.0,False,True
COTI-USD,2026-07-27 23:00:00,2026-07-27 23:15:00,0.012165,0.012863410714285714,0.012863410714285714,0.007609404197838771,-1.0627052235943852,stop,0.0,False,True
COTI-USD,2026-09-04 22:45:00,2026-09-05 06:15:00,0.014323,0.014888196428571428,0.014888196428571428,0.013335690971721381,-1.0886957126157153,stop,0.002534163217591868,True,True
COW-USD,2025-01-16 12:00:00,2025-01-16 14:45:00,0.7696,0.7542419548340369,0.8031857142857143,0.7542419548340369,0.3747868828657649,target,0.0,True,True
COW-USD,2025-04-13 08:00:00,2025-04-13 14:45:00,0.2877,0.3052785714285714,0.3052785714285714,0.240293761312529,-1.0589194636326698,stop,0.0,True,True
COW-USD,2025-05-20 09:00:00,2025-05-21 12:15:00,0.4023,0.4276392857142857,0.4276392857142857,0.36352987274869974,-1.0571555179704017,stop,0.0,True,True
COW-USD,2025-06-11 06:00:00,2025-06-11 22:00:00,0.4058,0.3937275081804259,0.4253696428571429,0.3937275081804259,0.5463958590164683,target,0.004147239711652512,True,True
COW-USD,2025-07-09 03:00:00,2025-07-09 23:45:00,0.3169,0.32874285714285717,0.32874285714285717,0.3011694112820172,-1.0899257076357056,stop,0.0064057760796139875,True,True
COW-USD,2025-07-12 17:00:00,2025-07-13 12:00:00,0.3527,0.3759142857142857,0.3759142857142857,0.3472718646118295,-1.0508973230769232,stop,0.0037983076923076967,True,True
COW-USD,2025-08-09 23:30:00,2025-08-11 13:30:00,0.4542,0.4009802616809818,0.49058035714285714,0.4009802616809818,1.4238552721077014,target,0.005930260639081137,True,True
COW-USD,2025-12-04 17:00:00,2025-12-04 19:15:00,0.197,0.19482366388214079,0.20971964285714284,0.19482366388214079,0.11534412831688426,target,0.0,False,True
COW-USD,2025-12-10 12:00:00,2025-12-11 01:15:00,0.2093,0.19923753535494312,0.21903214285714287,0.19923753535494312,0.956519523161809,target,0.0,False,True
COW-USD,2026-02-08 01:00:00,2026-02-09 13:45:00,0.16862,0.1780232142857143,0.1780232142857143,0.15979975805163923,-1.0645557977895095,stop,0.0,False,True
CRO-USD,2025-03-24 23:00:00,2025-03-25 02:45:00,0.09443,0.10056017857142857,0.10056017857142857,0.08087764123795543,-1.0627622342346121,stop,-0.007307405955314749,True,True
CRO-USD,2025-07-08 15:00:00,2025-07-08 17:15:00,0.09352,0.09714125,0.09714125,0.08146778943717309,-1.1765045539523649,stop,-0.08353334235415966,True,True
CRO-USD,2025-08-26 17:15:00,2025-08-27 04:30:00,0.20396,0.21465660714285714,0.21465660714285714,0.16063608659501527,-1.0667370494649504,stop,0.0019067728418557294,True,True
CRO-USD,2025-08-26 17:15:00,2025-08-27 04:30:00,0.20396,0.21465660714285714,0.21465660714285714,0.16063608659501527,-1.0667370494649504,stop,0.0019067728418557294,True,True
CRO-USD,2026-07-17 07:30:00,2026-07-17 15:15:00,0.0584,0.056783699385343174,0.06312785714285714,0.056783699385343174,0.29863436478615485,target,0.0012352319081432254,False,True
CRV-USD,2025-10-15 10:00:00,2025-10-15 12:30:00,0.601,0.5869508457386444,0.6420589285714287,0.5869508457386444,0.28947550934454375,target,0.0,True,True
CTC-USD,2025-04-29 06:00:00,2025-04-30 00:15:00,0.7035,0.7370357142857143,0.7370357142857143,0.6907952024363687,-1.0702750798722043,stop,0.005244408945686893,True,True
CTC-USD,2025-04-29 06:00:00,2025-04-30 00:15:00,0.7035,0.7370357142857143,0.7370357142857143,0.6907952024363687,-1.0702750798722043,stop,0.005244408945686893,True,True
CTC-USD,2025-08-19 16:00:00,2025-08-21 16:00:00,0.739,0.7129,0.7998642857142858,0.7072050089749078,0.38852547487384065,time,0.0034129293979579807,True,True
CTC-USD,2026-02-13 07:45:00,2026-02-14 00:15:00,0.17508,0.18515446428571428,0.18515446428571428,0.14736283889456486,-1.0625629296134145,stop,0.0,True,True
CTC-USD,2026-02-27 01:15:00,2026-02-27 04:15:00,0.17048,0.18278589285714283,0.18278589285714283,0.15835961201907653,-1.0661655458772656,stop,-0.016292854222570506,True,True
CVC-USD,2025-02-23 14:00:00,2025-02-24 10:45:00,0.13488,0.12485647583165649,0.14497428571428572,0.12485647583165649,0.9087175805378507,target,-0.036169104692895526,True,True
CVC-USD,2026-03-18 00:00:00,2026-03-18 08:00:00,0.03208,0.03436982142857143,0.03436982142857143,0.031491729465372646,-1.0753451249286439,stop,-0.02490975099118766,False,True
CVC-USD,2026-03-24 14:00:00,2026-03-25 00:15:00,0.03237,0.034555,0.034555,0.031115155205833953,-1.1006098118077803,stop,-0.04727708869565219,False,True
CVC-USD,2026-05-11 03:00:00,2026-05-12 11:30:00,0.03353,0.03275339640252914,0.0350125,0.03275339640252914,0.42947701347106665,target,-0.012948347386171963,False,True
CVC-USD,2026-09-13 04:00:00,2026-09-13 12:15:00,0.02524,0.027273392857142857,0.027273392857142857,0.022109031576531577,-1.0446859049793624,stop,0.0,False,True
CVC-USD,2026-09-13 04:00:00,2026-09-13 12:15:00,0.02524,0.027273392857142857,0.027273392857142857,0.022109031576531577,-1.0446859049793624,stop,0.0,False,True
CYBER-USD,2025-05-07 20:00:00,2025-05-08 01:15:00,1.288,1.393482142857143,1.393482142857143,1.2429986100786035,-1.044575885478246,stop,-0.0006177341323853056,False,True
CYBER-USD,2025-06-11 12:00:00,2025-06-12 21:00:00,1.344,1.23685661503524,1.4343214285714285,1.23685661503524,1.1231184910293734,target,-0.009558289916963243,False,True
CYBER-USD,2025-06-17 01:00:00,2025-06-18 11:00:00,1.393,1.2707482593301493,1.4466428571428571,1.2707482593301493,2.1898226919013455,target,0.004313811238348872,False,True
CYBER-USD,2025-07-29 15:15:00,2025-07-30 09:30:00,1.811,1.6806327934947076,1.9564642857142855,1.6806327934947076,0.8545077294741439,target,0.003112447827154434,True,True
DASH-USD,2025-04-28 14:00:00,2025-04-30 14:00:00,23.83,22.88,25.77267857142857,22.387081240598636,0.4522158286607218,time,0.0073599411710635115,False,True
DASH-USD,2025-11-01 22:15:00,2025-11-02 06:45:00,74.06,77.62607142857142,77.62607142857142,54.705877601347986,-1.0841486260190287,stop,-0.009383999078617951,True,True
DBR-USD,2025-01-26 00:15:00,2025-01-26 00:30:00,0.03101,0.030194533484923507,0.032192321428571424,0.030194533484923507,0.5952954061967031,target,0.0,True,True
DBR-USD,2025-05-07 18:00:00,2025-05-09 18:00:00,0.01847,0.01822,0.019506071428571428,0.016203539578386317,0.18781523612547432,time,0.010696173733195459,False,True
DBR-USD,2025-06-21 14:00:00,2025-06-22 12:30:00,0.01535,0.01606857142857143,0.01606857142857143,0.014389123144996204,-1.0769025844930418,stop,0.0,False,True
DBR-USD,2025-06-26 10:00:00,2025-06-26 10:30:00,0.01778,0.018666964285714287,0.018666964285714287,0.016072869579262728,-1.0721652506543184,stop,0.0,False,True
DBR-USD,2025-07-24 22:00:00,2025-07-24 23:45:00,0.02644,0.0287775,0.0287775,0.022939226899112753,-1.0407204278074866,stop,0.0,True,True
DBR-USD,2025-10-29 23:45:00,2025-10-31 17:30:00,0.03976,0.032404652395750896,0.04217214285714285,0.032404652395750896,2.9899603926410263,target,0.0,True,True
DBR-USD,2026-09-23 17:00:00,2026-09-23 17:30:00,0.01957,0.020409642857142855,0.020409642857142855,0.017214960479461954,-1.0839071033602725,stop,0.0,False,True
DEEP-USD,2026-02-13 05:00:00,2026-02-13 08:30:00,0.02716,0.029110357142857143,0.029110357142857143,0.0246279976054708,-1.0711294587804432,stop,-0.020997102069218093,True,True
DEEP-USD,2026-08-09 00:15:00,2026-08-09 12:15:00,0.01746,0.016009928237403555,0.018301785714285715,0.016009928237403555,1.6500182160670522,target,0.002074162070428509,False,True
DEXE-USD,2025-01-03 08:15:00,2025-01-04 08:00:00,19.177,17.281250079054818,20.75780357142857,17.281250079054818,1.1591989378472767,target,0.003639351595594465,True,True
DEXE-USD,2025-01-21 01:30:00,2025-01-21 18:00:00,18.544,19.319428571428574,19.319428571428574,17.791332510948855,-1.0813093588798819,stop,0.004782903463522463,True,True
DEXE-USD,2025-12-19 18:00:00,2025-12-19 18:15:00,3.372,3.369562300804597,3.626125,3.369562300804597,-0.03817609760785858,target,0.0,False,True
DEXE-USD,2026-02-23 16:00:00,2026-02-24 04:45:00,2.8647,2.978494642857143,2.978494642857143,2.5351790312007476,-1.0897227006970576,stop,0.0009047641911337766,False,True
DEXE-USD,2026-06-22 19:30:00,2026-06-22 20:00:00,17.909,18.728571428571428,18.728571428571428,15.453975041982789,-1.0775734094474463,stop,0.0010925832316541742,True,True
DEXE-USD,2026-06-22 19:30:00,2026-06-22 20:00:00,17.909,18.728571428571428,18.728571428571428,15.453975041982789,-1.0775734094474463,stop,0.0010925832316541742,True,True
DOT-USD,2026-02-26 14:00:00,2026-02-28 14:00:00,1.6115,1.5351,1.7077125,1.4279818470747614,0.7318411043783293,time,-0.0019367311420033775,True,True
DRIFT-USD,2025-07-21 17:30:00,2025-07-23 17:30:00,0.7028,0.6108,0.7655767857142857,0.5457448363858349,1.4319242213056467,time,0.00671713269805149,True,True
DRIFT-USD,2026-05-25 21:30:00,2026-05-26 00:30:00,0.03425,0.03714517857142857,0.03714517857142857,0.02978625008473475,-1.0419965459816196,stop,0.0005915006476284468,False,True
DUSK-USD,2025-07-09 09:15:00,2025-07-11 02:30:00,0.05934,0.06431821428571428,0.06431821428571428,0.054494743212797014,-1.0369518042901213,stop,0.005959968433890521,False,True
DUSK-USD,2025-07-23 10:00:00,2025-07-23 14:00:00,0.08264,0.07401821654198641,0.08569928571428571,0.07401821654198641,2.7209879152974668,target,0.0,False,True
DUSK-USD,2025-07-23 10:00:00,2025-07-23 14:00:00,0.08264,0.07401821654198641,0.08569928571428571,0.07401821654198641,2.7209879152974668,target,0.0,False,True
DUSK-USD,2025-10-05 10:00:00,2025-10-07 10:00:00,0.07213,0.06429,0.07627589285714285,0.06189102462327761,1.8388343024507914,time,0.010438764698281438,False,True
DUSK-USD,2025-10-05 10:00:00,2025-10-07 10:00:00,0.07213,0.06429,0.07627589285714285,0.06189102462327761,1.8388343024507914,time,0.010438764698281438,False,True
DUSK-USD,2025-11-17 14:00:00,2025-11-17 14:30:00,0.06261,0.06770446428571429,0.06770446428571429,0.05783866679594174,-1.0442433173262293,stop,0.0,True,True
DUSK-USD,2026-01-06 08:00:00,2026-01-08 08:00:00,0.05673,0.05454,0.06103624999999999,0.05182592982380333,0.4624523322844723,time,0.0013151479593613968,False,True
DUSK-USD,2026-01-06 08:00:00,2026-01-08 08:00:00,0.05673,0.05454,0.06103624999999999,0.05182592982380333,0.4624523322844723,time,0.0013151479593613968,False,True
DYDX-USD,2026-05-07 20:45:00,2026-05-08 04:00:00,0.19176,0.20177678571428573,0.20177678571428573,0.1563832791547786,-1.0685727524569473,stop,0.00034516389774307416,True,True
DYM-USD,2025-07-20 05:15:00,2025-07-20 06:30:00,0.3231,0.3396357142857143,0.3396357142857143,0.2947886584023076,-1.0703422894168466,stop,0.0,False,True
DYM-USD,2026-05-19 02:00:00,2026-05-20 05:30:00,0.02484,0.02598642857142857,0.02598642857142857,0.02339956702375341,-1.0704186915887852,stop,0.007583551401869176,True,True
EDU-USD,2025-05-12 13:45:00,2025-05-12 19:15:00,0.1898,0.19767678571428574,0.19767678571428574,0.16889010167597013,-1.084336431648152,stop,0.0024096123328043455,True,True
EDU-USD,2025-05-12 13:45:00,2025-05-12 19:15:00,0.1898,0.19767678571428574,0.19767678571428574,0.16889010167597013,-1.084336431648152,stop,0.0024096123328043455,True,True
EDU-USD,2025-08-12 10:15:00,2025-08-14 10:15:00,0.1681,0.142,0.1772375,0.13860043260348273,2.799337213898772,time,0.009204245362517108,False,True
EDU-USD,2025-08-12 10:15:00,2025-08-14 10:15:00,0.1681,0.142,0.1772375,0.13860043260348273,2.799337213898772,time,0.009204245362517108,False,True
EDU-USD,2025-09-21 02:00:00,2025-09-21 05:45:00,0.1548,0.1611875,0.1611875,0.14458360975351373,-1.0872454011741681,stop,0.0,False,True
EDU-USD,2025-10-15 04:00:00,2025-10-15 07:45:00,0.1475,0.1556,0.1556,0.1336277782589416,-1.0655555555555556,stop,0.0,True,True
EDU-USD,2026-06-24 07:30:00,2026-06-24 13:30:00,0.03058,0.029549172076416552,0.03248446428571428,0.029549172076416552,0.48506970202225136,target,0.0016057008907641838,False,True
EDU-USD,2026-06-24 07:30:00,2026-06-24 13:30:00,0.03058,0.029549172076416552,0.03248446428571428,0.029549172076416552,0.48506970202225136,target,0.0016057008907641838,False,True
EDU-USD,2026-10-05 16:00:00,2026-10-05 18:15:00,0.05862,0.06155607142857143,0.06155607142857143,0.053236208058335184,-1.071875635567449,stop,0.0,False,True
EDU-USD,2026-10-05 16:00:00,2026-10-05 18:15:00,0.05862,0.06155607142857143,0.06155607142857143,0.053236208058335184,-1.071875635567449,stop,0.0,False,True
EGLD-USD,2026-01-09 19:00:00,2026-01-10 00:15:00,6.303,6.5383571428571425,6.5383571428571425,6.152952222935251,-1.0937320182094081,stop,0.0026780576631259515,False,True
EGLD-USD,2026-01-09 19:00:00,2026-01-10 00:15:00,6.303,6.5383571428571425,6.5383571428571425,6.152952222935251,-1.0937320182094081,stop,0.0026780576631259515,False,True
ENJ-USD,2025-05-28 10:00:00,2025-05-28 10:15:00,0.08981,0.08914416561960223,0.09479035714285713,0.08914416561960223,0.06877385909743748,target,0.0,True,True
ENJ-USD,2026-01-29 15:45:00,2026-01-29 16:15:00,0.02946,0.02742751127572779,0.0312225,0.02742751127572779,0.9361309991899065,target,-0.1568804755744681,False,True
ETHFI-USD,2026-09-10 16:30:00,2026-09-10 17:45:00,0.6743,0.7209803571428572,0.7209803571428572,0.6138779563577331,-1.0520021728319497,stop,0.0,True,True
F-USD,2025-02-10 03:00:00,2025-02-10 03:45:00,0.03789,0.03970089285714286,0.03970089285714286,0.03042214949320733,-1.0753241692140814,stop,0.0,True,True
F-USD,2025-06-12 20:15:00,2025-06-13 00:45:00,0.01087,0.01054629791052462,0.011395714285714285,0.01054629791052462,0.5364998599803403,target,-0.004801940652173914,False,True
F-USD,2025-12-19 02:00:00,2025-12-19 03:00:00,0.006998,0.0073089464285714285,0.0073089464285714285,0.006112108352431543,-1.0810197438695228,stop,0.0,False,True
FIDA-USD,2025-04-13 12:00:00,2025-04-13 13:45:00,0.07483,0.07308948174932617,0.07778750000000001,0.07308948174932617,0.49742358433603306,target,0.0,False,True
FIDA-USD,2025-04-13 12:00:00,2025-04-13 13:45:00,0.07483,0.07308948174932617,0.07778750000000001,0.07308948174932617,0.49742358433603306,target,0.0,False,True
FIDA-USD,2025-04-19 17:00:00,2025-04-19 17:15:00,0.07042,0.07024957419623949,0.07560428571428572,0.07024957419623949,-0.016026546532831844,target,0.0,False,True
FIDA-USD,2025-05-11 17:00:00,2025-05-11 17:30:00,0.08589,0.09046910714285714,0.09046910714285714,0.07596985768521533,-1.0675249541785283,stop,0.0,True,True
FIDA-USD,2026-04-02 13:15:00,2026-04-02 15:30:00,0.016087,0.017240339285714286,0.017240339285714286,0.013912483237668768,-1.0502134980723676,stop,0.0,False,True
FIDA-USD,2026-05-17 23:45:00,2026-05-18 07:45:00,0.02285,0.024627714285714284,0.024627714285714284,0.01718657499417889,-1.0462729026036643,stop,0.0,False,True
FIDA-USD,2026-09-07 21:45:00,2026-09-08 12:00:00,0.02051,0.020133766806724268,0.021830892857142858,0.020133766806724268,0.23203940548115462,target,0.0031054751926456675,False,True
FIL-USD,2026-06-03 16:15:00,2026-06-03 18:15:00,0.9675,0.9304251348463556,1.006805357142857,0.9304251348463556,0.8546383392867639,target,0.0,True,True
FLOCK-USD,2025-01-11 02:15:00,2025-01-11 07:00:00,0.343,0.3271957466083661,0.3737714285714286,0.3271957466083661,0.474030750888754,target,0.0005573351903435472,True,True
FLOCK-USD,2025-01-23 03:15:00,2025-01-25 03:15:00,0.2424,0.1784,0.25303035714285715,0.15934881329735262,5.57615926872501,time,-0.3622451660137743,True,True
FLOCK-USD,2025-02-16 23:15:00,2025-02-17 01:15:00,0.1272,0.1328375,0.1328375,0.10643055315802961,-1.08009933481153,stop,0.0011281596452328182,True,True
FLOCK-USD,2025-02-16 23:15:00,2025-02-17 01:15:00,0.1272,0.1328375,0.1328375,0.10643055315802961,-1.08009933481153,stop,0.0011281596452328182,True,True
FLOCK-USD,2025-04-25 03:00:00,2025-04-25 03:30:00,0.09272,0.09950821428571428,0.09950821428571428,0.06633522760738138,-1.049172283895407,stop,0.0,True,True
FLOCK-USD,2025-05-24 07:15:00,2025-05-24 22:45:00,0.09941,0.10484892857142857,0.10484892857142857,0.08862676224197634,-1.065798988771423,stop,0.0,True,True
FLOCK-USD,2025-05-30 07:15:00,2025-05-30 08:45:00,0.12075,0.12772660714285716,0.12772660714285716,0.08955322031187947,-1.062308223911541,stop,0.0,True,True
FLOCK-USD,2025-05-30 07:15:00,2025-05-30 08:45:00,0.12075,0.12772660714285716,0.12772660714285716,0.08955322031187947,-1.062308223911541,stop,0.0,True,True
FLOCK-USD,2026-02-23 02:00:00,2026-02-23 05:30:00,0.06542,0.06856267857142857,0.06856267857142857,0.059861215990048726,-1.0749398943121768,stop,0.0,False,True
FLOCK-USD,2026-04-23 20:00:00,2026-04-24 14:00:00,0.06757,0.07018607142857142,0.07018607142857142,0.06353906427756188,-1.0878179385665534,stop,0.005165761092150204,False,True
FLOCK-USD,2026-05-06 18:00:00,2026-05-07 05:30:00,0.06873,0.07375142857142857,0.07375142857142857,0.06145170481924433,-1.0451105982048365,stop,0.004163825692745382,False,True
FLOCK-USD,2026-09-13 11:00:00,2026-09-13 11:15:00,0.08326,0.08753892857142856,0.08753892857142856,0.06801776952154606,-1.0700493114097323,stop,0.0,True,True
FLOCK-USD,2026-09-13 11:00:00,2026-09-13 11:15:00,0.08326,0.08753892857142856,0.08753892857142856,0.06801776952154606,-1.0700493114097323,stop,0.0,True,True
FLOW-USD,2025-09-01 00:00:00,2025-09-01 04:30:00,0.4232,0.41345273252775777,0.4554,0.41345273252775777,0.2553958842311257,target,0.0,True,True
FLOW-USD,2025-09-01 00:00:00,2025-09-01 04:30:00,0.4232,0.41345273252775777,0.4554,0.41345273252775777,0.2553958842311257,target,0.0,True,True
FLOW-USD,2026-03-06 11:30:00,2026-03-06 23:15:00,0.04054,0.04369571428571429,0.04369571428571429,0.03493505009516349,-1.1208332413761883,stop,-0.07458570855590756,True,True
FLOW-USD,2026-07-29 20:00:00,2026-07-31 18:15:00,0.02781,0.029632678571428574,0.029632678571428574,0.02607164966194546,-1.0455869955363966,stop,0.009340955869501318,False,True
FLOW-USD,2026-07-30 00:45:00,2026-07-31 18:15:00,0.02773,0.029613928571428572,0.029613928571428572,0.026249587789379223,-1.0454499273478672,stop,0.007539342794312798,False,True
FLOW-USD,2026-09-23 09:15:00,2026-09-23 14:15:00,0.03476,0.031920099430671416,0.03607285714285714,0.031920099430671416,2.0678293781610533,target,0.0,False,True
FLR-USD,2026-09-01 10:30:00,2026-09-01 18:30:00,0.006791,0.006632596505377996,0.007328107142857143,0.006632596505377996,0.23896837638248053,target,-0.010434180264645253,False,True
FLUX-USD,2025-03-24 23:00:00,2025-03-25 09:45:00,0.2952,0.30665535714285713,0.30665535714285713,0.275572607135978,-1.0889051286048326,stop,0.0038654403741231595,False,True
FLUX-USD,2025-07-16 04:15:00,2025-07-16 06:45:00,0.2468,0.2564232142857143,0.2564232142857143,0.23677270966034217,-1.0923267396548524,stop,0.0,False,True
FLUX-USD,2026-03-11 04:00:00,2026-03-12 03:45:00,0.05975,0.05760796382442286,0.06336267857142856,0.05760796382442286,0.531429476804507,target,-0.001952095200434979,False,True
FLUX-USD,2026-10-06 17:00:00,2026-10-06 17:45:00,0.09151,0.09606,0.09606,0.08128137771648243,-1.0724035164835162,stop,0.0,False,True
GAS-USD,2025-02-01 11:00:00,2025-02-01 15:15:00,4.78,4.728680162078158,4.991107142857143,4.728680162078158,0.16271755401989305,target,0.0011321265437320236,True,True
GAS-USD,2025-07-07 21:00:00,2025-07-08 01:30:00,2.946,2.8827455045585624,3.116982142857143,2.8827455045585624,0.3087819263415681,target,0.0008614934725848559,False,True
GAS-USD,2025-07-20 06:00:00,2025-07-22 06:00:00,3.507,3.429,3.651160714285714,3.320957965696602,0.4534855444072865,time,0.0,True,True
GAS-USD,2025-08-05 02:00:00,2025-08-05 08:15:00,3.28,3.4129821428571425,3.4129821428571425,2.9881777905767812,-1.0887938767288843,stop,0.0,True,True
GAS-USD,2025-11-11 14:00:00,2025-11-11 19:00:00,2.555,2.52,2.6509107142857142,2.4823941704083277,0.26902103891268125,time,0.0,False,True
GAS-USD,2026-09-20 02:00:00,2026-09-22 02:00:00,1.3821,1.4071,1.4597392857142857,1.2962673535361238,-0.37540659643957813,time,0.010680932885597334,False,True
GLM-USD,2025-05-14 16:30:00,2025-05-14 17:00:00,0.29098,0.2896457969858057,0.30213214285714285,0.2896457969858057,0.025705823344136805,target,0.0,False,True
GLM-USD,2025-11-11 22:45:00,2025-11-12 00:15:00,0.22593,0.2229059199864829,0.2443169642857143,0.2229059199864829,0.11799217256340064,target,-0.002241487499490124,True,True
GLM-USD,2025-11-11 22:45:00,2025-11-12 00:15:00,0.22593,0.2229059199864829,0.2443169642857143,0.2229059199864829,0.11799217256340064,target,-0.002241487499490124,True,True
GLM-USD,2026-01-12 11:15:00,2026-01-12 18:00:00,0.30011,0.31080214285714286,0.31080214285714286,0.2915288503324895,-1.0982389605184046,stop,0.0028068274433829875,False,True
GLM-USD,2026-07-01 12:00:00,2026-07-01 13:00:00,0.10239,0.10138000342173882,0.10709964285714287,0.10138000342173882,0.13618709480027924,target,0.0,False,True
GMT-USD,2025-04-18 14:00:00,2025-04-19 01:30:00,0.05413,0.05738839285714285,0.05738839285714285,0.04464714728899394,-1.1486161146709049,stop,-0.08881117139255772,True,True
GMT-USD,2025-12-28 20:00:00,2025-12-28 21:00:00,0.01711,0.01783035714285714,0.01783035714285714,0.014904182078898494,-1.0855075855230543,stop,0.0,True,True
GMT-USD,2026-01-09 08:30:00,2026-01-09 09:30:00,0.016936,0.017600017857142856,0.017600017857142856,0.016381904973735144,-1.0918192174263817,stop,0.0,True,True
GMT-USD,2026-05-23 07:30:00,2026-05-23 08:00:00,0.013466,0.014086089285714285,0.014086089285714285,0.010433222909623993,-1.1682399577019442,stop,-0.09006153869546453,True,True
GMX-USD,2025-09-24 04:00:00,2025-09-24 07:45:00,16.824,17.777160714285717,17.777160714285717,15.630817753033599,-1.0635426944189443,stop,0.0,True,True
GMX-USD,2025-09-24 04:00:00,2025-09-24 07:45:00,16.824,17.777160714285717,17.777160714285717,15.630817753033599,-1.0635426944189443,stop,0.0,True,True
GMX-USD,2026-09-07 15:45:00,2026-09-09 15:45:00,8.331,8.067,8.637589285714286,7.793158393434227,0.7795673597763364,time,0.01630389655774938,False,True
GOAT-USD,2026-03-30 18:00:00,2026-04-01 18:00:00,0.01851,0.01784,0.019545357142857142,0.016585104714540163,0.5934860296653987,time,0.010726733356329763,False,True
GOAT-USD,2026-06-02 12:15:00,2026-06-02 13:45:00,0.0171,0.016385624980817717,0.01820767857142857,0.016385624980817717,0.5893542007771724,target,0.0,True,True
GRASS-USD,2026-05-21 19:00:00,2026-05-21 21:45:00,0.38097,0.4072557142857143,0.4072557142857143,0.3203770031052748,-1.0514516548913044,stop,0.0007246711956521735,True,True
GRIFFAIN-USD,2025-08-07 03:30:00,2025-08-07 10:45:00,0.03575,0.03700392857142857,0.03700392857142857,0.03515336897842854,-1.0941170934206779,stop,0.008520331814297913,True,True
GRIFFAIN-USD,2025-11-11 07:00:00,2025-11-11 07:15:00,0.01842,0.01834122687517672,0.019356785714285715,0.01834122687517672,0.013302001336323602,target,0.0,True,True
GRIFFAIN-USD,2025-11-29 23:00:00,2025-11-30 10:15:00,0.01687,0.017628928571428573,0.017628928571428573,0.014261431897703215,-1.0599777164988233,stop,0.020045624677647002,False,True
GRIFFAIN-USD,2025-12-06 18:00:00,2025-12-08 16:15:00,0.02509,0.02075231895981911,0.026869642857142856,0.02075231895981911,2.4016686815706434,target,0.015034181770018081,True,True
GRIFFAIN-USD,2026-04-29 14:00:00,2026-04-29 15:00:00,0.019094,0.018237657181515047,0.020241339285714286,0.018237657181515047,0.6864616493931198,target,0.0,True,True
GRIFFAIN-USD,2026-09-12 18:00:00,2026-09-14 03:45:00,0.016047,0.01190550575972306,0.017180357142857143,0.01190550575972306,3.620394529894565,target,0.017183427362450345,False,True
GRIFFAIN-USD,2026-09-12 18:00:00,2026-09-14 03:45:00,0.016047,0.01190550575972306,0.017180357142857143,0.01190550575972306,3.620394529894565,target,0.017183427362450345,False,True
HBAR-USD,2025-07-16 23:00:00,2025-07-17 02:00:00,0.23757,0.23079632539740877,0.24705535714285712,0.23079632539740877,0.6264581831866977,target,0.0025045973116457777,True,True
HBAR-USD,2025-07-16 23:00:00,2025-07-17 02:00:00,0.23757,0.23079632539740877,0.24705535714285712,0.23079632539740877,0.6264581831866977,target,0.0025045973116457777,True,True
HBAR-USD,2026-09-28 15:00:00,2026-09-28 16:00:00,0.11805,0.12627910714285714,0.12627910714285714,0.09647755605342896,-1.050208970770132,stop,0.001434542022003776,True,True
HIVE-USD,2025-02-16 07:00:00,2025-02-16 16:45:00,0.3359,0.3254285516549976,0.3581803571428572,0.3254285516549976,0.41571184364841757,target,0.0,True,True
HIVE-USD,2025-03-25 02:00:00,2025-03-27 02:00:00,0.2781,0.253,0.2914107142857143,0.23832719626154233,1.8106009400160996,time,0.00011658262409444595,True,True
HIVE-USD,2025-05-03 17:00:00,2025-05-03 17:15:00,0.261,0.2575583880116539,0.28137142857142855,0.2575583880116539,0.12281966282203792,target,0.0,True,True
HIVE-USD,2025-07-23 08:30:00,2025-07-23 13:45:00,0.2715,0.25834773686244283,0.2814464285714286,0.25834773686244283,1.2240436906700214,target,0.0,False,True
HIVE-USD,2025-07-23 08:30:00,2025-07-23 13:45:00,0.2715,0.25834773686244283,0.2814464285714286,0.25834773686244283,1.2240436906700214,target,0.0,False,True
HIVE-USD,2026-01-08 04:00:00,2026-01-10 04:00:00,0.10846,0.10649,0.11249607142857142,0.10349901169715255,0.39135680028316183,time,0.0,True,True
HIVE-USD,2026-02-18 12:00:00,2026-02-18 12:15:00,0.0735,0.07291901290866633,0.07880000000000001,0.07291901290866633,0.05969567761012587,target,0.0,False,True
HIVE-USD,2026-05-23 05:00:00,2026-05-23 07:15:00,0.0612,0.06001238464765081,0.06585839285714286,0.06001238464765081,0.20764572289475394,target,0.0,True,True
HMSTR-USD,2025-12-06 19:15:00,2025-12-07 14:30:00,0.0002882,0.00022304477695256317,0.0003089875,0.00022304477695256317,3.0072490629193935,target,-0.07718644146722797,False,True
HMSTR-USD,2025-12-18 06:30:00,2025-12-18 06:45:00,0.0002301,0.00024290535714285714,0.00024290535714285714,0.0002015600435001719,-1.0646885511086321,stop,0.0,True,True
HMSTR-USD,2026-05-25 21:00:00,2026-05-26 17:15:00,0.0001671,0.00017956964285714285,0.00017956964285714285,0.00014884428990964856,-1.0448918229987112,stop,0.003350136044679939,True,True
HMSTR-USD,2026-06-10 21:00:00,2026-06-11 01:30:00,0.0002536,0.00027406071428571425,0.00027406071428571425,0.00019221784649922237,-1.0440004189212777,stop,0.0006197242101588416,True,True
ID-USD,2025-02-09 19:00:00,2025-02-09 21:15:00,0.2746,0.25792072197522475,0.2897517857142857,0.25792072197522475,1.035568897333429,target,0.0,False,True
ID-USD,2025-02-16 12:45:00,2025-02-17 00:45:00,0.3302,0.3511,0.3511,0.29264742405960276,-1.1391665027751194,stop,-0.08228994775119605,True,True
ILV-USD,2025-08-05 03:00:00,2025-08-05 03:15:00,17.39,18.166428571428572,18.166428571428572,13.094096960568805,-1.0806307267709292,stop,0.0,True,True
ILV-USD,2026-01-17 17:00:00,2026-01-19 00:00:00,7.041,6.246516050134719,7.507178571428572,6.246516050134719,1.6508183299094368,target,0.0009433742495977947,False,True
ILV-USD,2026-01-17 17:00:00,2026-01-19 00:00:00,7.041,6.246516050134719,7.507178571428572,6.246516050134719,1.6508183299094368,target,0.0009433742495977947,False,True
ILV-USD,2026-04-11 09:15:00,2026-04-13 09:15:00,4.402,4.289,4.709767857142857,4.1205516316206126,0.21786525929794148,time,-0.09780383266608643,False,True
ILV-USD,2026-04-11 09:15:00,2026-04-13 09:15:00,4.402,4.289,4.709767857142857,4.1205516316206126,0.21786525929794148,time,-0.09780383266608643,False,True
ILV-USD,2026-05-08 02:00:00,2026-05-08 20:45:00,4.934,5.110607142857143,5.110607142857143,4.7775986542517,-1.09359134479272,stop,0.006984428715874625,False,True
ILV-USD,2026-09-12 20:00:00,2026-09-12 20:30:00,3.699,3.868642857142857,3.868642857142857,3.220334528164306,-1.0784966736842105,stop,0.0,False,True
IMX-USD,2025-05-02 20:00:00,2025-05-02 22:00:00,0.6329,0.6568339285714285,0.6568339285714285,0.6031700929596393,-1.0951970752816536,stop,0.0,True,True
INJ-USD,2026-02-19 09:00:00,2026-02-19 13:45:00,3.234,3.142717565897581,3.4724464285714287,3.142717565897581,0.33399549986785443,target,0.0,True,True
INJ-USD,2026-05-22 21:00:00,2026-05-23 00:00:00,5.399,5.17,5.6972499999999995,5.084571674933375,0.7044543168482833,time,0.001810226320201177,True,True
INJ-USD,2026-05-25 21:00:00,2026-05-26 12:30:00,5.624,5.866464285714286,5.866464285714286,5.267868443389153,-1.0881898868404771,stop,-0.004687279681838261,True,True
INJ-USD,2026-09-08 04:00:00,2026-09-10 04:00:00,6.509,6.074,6.761875000000001,5.496038339080529,1.642997528423133,time,0.0154439940682155,True,True
IO-USD,2026-05-26 16:00:00,2026-05-28 14:15:00,0.17719,0.15648810675959546,0.18829035714285716,0.15648810675959546,1.8035360473952742,target,-0.003974195940928529,True,True
IO-USD,2026-06-10 00:00:00,2026-06-10 07:30:00,0.16383,0.17056089285714285,0.17056089285714285,0.15004845446727785,-1.0864070357891387,stop,0.0012170005040723765,True,True
IOST-USD,2025-01-09 03:45:00,2025-01-09 11:15:00,0.007513,0.007851125,0.007851125,0.007021327863299114,-1.2601705516598884,stop,-0.18018001561552638,True,True
IOST-USD,2025-01-09 03:45:00,2025-01-09 11:15:00,0.007513,0.007851125,0.007851125,0.007021327863299114,-1.2601705516598884,stop,-0.18018001561552638,True,True
IOST-USD,2025-07-19 22:00:00,2025-07-20 12:00:00,0.0038,0.004013232142857143,0.004013232142857143,0.003720652666061137,-1.0605912402646345,stop,0.0035641906038020236,False,True
IOST-USD,2025-07-19 22:00:00,2025-07-20 12:00:00,0.0038,0.004013232142857143,0.004013232142857143,0.003720652666061137,-1.0605912402646345,stop,0.0035641906038020236,False,True
IOST-USD,2025-08-25 07:15:00,2025-08-25 08:00:00,0.003911,0.004160785714285714,0.004160785714285714,0.0035932218551110264,-1.1048052937088937,stop,-0.04843857938232783,False,True
IOST-USD,2026-04-15 17:00:00,2026-04-17 07:45:00,0.0011059,0.0011713339285714286,0.0011713339285714286,0.0010956395014641036,-1.06153576123134,stop,-0.0006920966842234519,False,True
IOST-USD,2026-09-06 07:00:00,2026-09-07 06:00:00,0.0007806,0.0008232089285714286,0.0008232089285714286,0.0006344056564343838,-1.065952374167051,stop,0.0,False,True
IOTA-USD,2025-05-12 15:00:00,2025-05-12 18:15:00,0.2506,0.24472134613336474,0.2671982142857143,0.24472134613336474,0.3013308408085787,target,0.0015098009682625068,True,True
IOTA-USD,2026-09-15 01:00:00,2026-09-15 07:15:00,0.04254,0.04185771507377921,0.045813214285714284,0.04185771507377921,0.16165789344443224,target,0.0,False,True
IOTX-USD,2025-07-30 18:30:00,2025-07-31 03:30:00,0.02588,0.027315535714285716,0.027315535714285716,0.02403127835365525,-1.0630983953228013,stop,0.0018028112949371796,False,True
IOTX-USD,2026-05-07 15:00:00,2026-05-08 22:45:00,0.004785,0.004979392857142858,0.004979392857142858,0.0047181143844177665,-1.1035623800477676,stop,-0.014948012970788148,False,True
IOTX-USD,2026-08-09 03:00:00,2026-08-11 03:00:00,0.003869,0.002555,0.004074232142857143,0.002323059630212845,6.050713515106574,time,-0.28392579577829924,False,True
JASMY-USD,2025-12-09 00:00:00,2025-12-09 00:15:00,0.006925,0.006911187351018983,0.007420357142857143,0.006911187351018983,-0.022443102273362107,target,0.0,True,True
JASMY-USD,2026-08-25 20:00:00,2026-08-27 20:00:00,0.005044,0.004865,0.005415535714285715,0.004606641570447371,0.4410558492742457,time,0.008145650293184646,True,True
JASMY-USD,2026-08-25 20:00:00,2026-08-27 20:00:00,0.005044,0.004865,0.005415535714285715,0.004606641570447371,0.4410558492742457,time,0.008145650293184646,True,True
JELLYJELLY-USD,2025-03-12 07:45:00,2025-03-12 08:15:00,0.00498,0.004950928400966657,0.005361375,0.004950928400966657,0.029872432732463348,target,0.0006529006882989188,True,True
JELLYJELLY-USD,2025-05-14 02:45:00,2025-05-14 05:00:00,0.059443,0.06378923214285714,0.06378923214285714,0.036364887111469776,-1.048553009380046,stop,0.0006838452025358586,True,True
JELLYJELLY-USD,2025-06-14 13:30:00,2025-06-14 23:30:00,0.029376,0.03129775,0.03129775,0.02669494295989005,-1.0535012358527382,stop,0.0015286067386496684,True,True
JELLYJELLY-USD,2025-09-01 11:45:00,2025-09-01 14:00:00,0.01985,0.021120589285714284,0.021120589285714284,0.016740034131617527,-1.0554290849858756,stop,0.0008125351847427381,True,True
JELLYJELLY-USD,2025-10-30 09:45:00,2025-10-30 11:45:00,0.131484,0.13946941071428573,0.13946941071428573,0.09406188836029854,-1.0592758991285445,stop,0.0,True,True
JELLYJELLY-USD,2026-02-17 15:30:00,2026-02-17 16:00:00,0.07696,0.08043464285714286,0.08043464285714286,0.0605511658535259,-1.0786290882927332,stop,0.001107451947784973,True,True
JELLYJELLY-USD,2026-02-17 15:30:00,2026-02-17 16:00:00,0.07696,0.08043464285714286,0.08043464285714286,0.0605511658535259,-1.0786290882927332,stop,0.001107451947784973,True,True
JELLYJELLY-USD,2026-03-06 06:00:00,2026-03-06 06:30:00,0.11155,0.08538303344856753,0.11637839285714287,0.08538303344856753,5.336224146160043,target,0.0,True,True
JELLYJELLY-USD,2026-03-06 06:00:00,2026-03-06 06:30:00,0.11155,0.08538303344856753,0.11637839285714287,0.08538303344856753,5.336224146160043,target,0.0,True,True
JST-USD,2025-04-27 03:00:00,2025-04-27 04:30:00,0.03989,0.041358928571428574,0.041358928571428574,0.03188410310430905,-1.0977610503282276,stop,0.0,False,True
JST-USD,2025-04-27 03:00:00,2025-04-27 04:30:00,0.03989,0.041358928571428574,0.041358928571428574,0.03188410310430905,-1.0977610503282276,stop,0.0,False,True
JST-USD,2026-07-10 19:15:00,2026-07-12 19:15:00,0.10162,0.10072,0.10529321428571428,0.09727328825705334,0.1577434470549341,time,0.01232094827029657,False,True
JTO-USD,2025-06-11 06:00:00,2025-06-11 08:00:00,2.179,2.298785714285714,2.298785714285714,1.9605656581838535,-1.0645774001192605,stop,0.0009095408467501482,True,True
JTO-USD,2025-06-15 20:30:00,2025-06-15 23:30:00,2.16,2.243607142857143,2.243607142857143,2.0240494771705673,-1.0930064075181547,stop,0.0,True,True
JTO-USD,2025-09-18 23:00:00,2025-09-19 15:00:00,1.995,1.9268297270562702,2.1115178571428572,1.9268297270562702,0.5268486260304789,target,0.003424367816091955,True,True
JTO-USD,2025-10-16 17:00:00,2025-10-16 17:15:00,1.15,1.1489292116762053,1.2168035714285714,1.1489292116762053,-0.04594382621424823,target,0.0,True,True
JTO-USD,2026-02-17 15:15:00,2026-02-19 15:15:00,0.343,0.2813,0.3645107142857143,0.2762761998563186,2.810934086003656,time,0.0,True,True
JTO-USD,2026-02-17 15:15:00,2026-02-19 15:15:00,0.343,0.2813,0.3645107142857143,0.2762761998563186,2.810934086003656,time,0.0,True,True
JTO-USD,2026-06-16 03:45:00,2026-06-16 11:15:00,0.7716,0.8303875,0.8303875,0.6156692876005562,-1.0459383372315543,stop,0.0013125239209015524,True,True
JTO-USD,2026-08-10 11:15:00,2026-08-12 11:15:00,0.5607,0.554,0.5815875,0.5139270478980972,0.23444223358467572,time,0.010313927181328519,True,True
KAIA-USD,2025-06-11 18:00:00,2025-06-13 18:00:00,0.1719,0.1571,0.18147857142857143,0.1405018574475298,1.4811841935719607,time,0.000675319597315436,True,True
KAIA-USD,2025-06-19 13:00:00,2025-06-19 23:30:00,0.1686,0.18058392857142858,0.18058392857142858,0.16270667085557242,-1.0492409476978095,stop,0.0014068842199374157,True,True
KAIA-USD,2026-05-18 07:00:00,2026-05-18 16:00:00,0.05277,0.05498625,0.05498625,0.049301957681530846,-1.0874752188155667,stop,-0.0017574523181049047,True,True
KMNO-USD,2025-07-22 04:00:00,2025-07-22 05:00:00,0.06948,0.06848,0.07356589285714286,0.06601505370488453,0.18352708360648562,time,0.0,False,True
KMNO-USD,2026-06-12 14:00:00,2026-06-14 14:00:00,0.01784,0.01794,0.019141071428571427,0.015413370872880677,-0.12838954505627212,time,-0.002167420433708487,False,True
KMNO-USD,2026-08-22 16:00:00,2026-08-24 16:00:00,0.02496,0.0248,0.026311964285714286,0.022599858086749466,0.06296024303262478,time,0.01107721569145423,False,True
KNC-USD,2025-01-05 10:15:00,2025-01-06 16:15:00,0.6187,0.6425517857142857,0.6425517857142857,0.5830485999383329,-1.0830059444486038,stop,0.010375743056075472,True,True
KNC-USD,2025-03-16 22:15:00,2025-03-17 02:30:00,0.3529,0.36584285714285714,0.36584285714285714,0.34510261083181465,-1.0970034459271525,stop,0.0011541699668874172,False,True
KNC-USD,2026-03-02 07:00:00,2026-03-04 00:00:00,0.16857,0.1373977094327236,0.17593375,0.1373977094327236,3.689343448864556,target,-0.4614545232659989,False,True
KNC-USD,2026-03-02 07:00:00,2026-03-04 00:00:00,0.16857,0.1373977094327236,0.17593375,0.1373977094327236,3.689343448864556,target,-0.4614545232659989,False,True
KNC-USD,2026-03-27 07:00:00,2026-03-29 07:00:00,0.18577,0.1445,0.19480553571428572,0.1388315906306128,3.762173345898531,time,-0.73133199610427,False,True
KNC-USD,2026-03-27 07:00:00,2026-03-29 07:00:00,0.18577,0.1445,0.19480553571428572,0.1388315906306128,3.762173345898531,time,-0.73133199610427,False,True
KNC-USD,2026-08-29 13:00:00,2026-08-30 17:30:00,0.12264,0.11640613585802115,0.12882410714285714,0.11640613585802115,0.9445852096411193,target,0.00793259218619157,False,True
KNC-USD,2026-09-11 18:00:00,2026-09-12 07:00:00,0.129,0.1365175,0.1365175,0.12398812228253825,-1.0600598603259062,stop,0.001715996009311604,False,True
KSM-USD,2026-05-07 05:00:00,2026-05-07 11:15:00,5.499,5.827517857142857,5.827517857142857,4.971244024143433,-1.1181015540142412,stop,-0.057841816013480346,True,True
KSM-USD,2026-05-07 05:00:00,2026-05-07 11:15:00,5.499,5.827517857142857,5.827517857142857,4.971244024143433,-1.1181015540142412,stop,-0.057841816013480346,True,True
LPT-USD,2025-05-30 07:30:00,2025-05-30 08:30:00,7.272,7.787571428571429,7.787571428571429,5.634689285283178,-1.0507770573566084,stop,0.0,True,True
LPT-USD,2025-06-05 00:00:00,2025-06-05 05:45:00,10.416,8.561978521956924,10.890464285714286,8.561978521956924,3.8285787418295962,target,0.0,True,True
LPT-USD,2025-06-27 18:00:00,2025-06-28 09:15:00,6.215,5.763629436138934,6.634017857142857,5.763629436138934,1.0238145142220199,target,0.0,True,True
LPT-USD,2025-06-27 18:00:00,2025-06-28 09:15:00,6.215,5.763629436138934,6.634017857142857,5.763629436138934,1.0238145142220199,target,0.0,True,True
LPT-USD,2025-08-17 20:00:00,2025-08-18 00:00:00,6.83,6.763082390715767,7.112339285714286,6.763082390715767,0.15113415469717542,target,0.0012095376636518853,True,True
LPT-USD,2025-08-27 08:00:00,2025-08-28 02:30:00,8.215,8.683125,8.683125,6.5542084235072275,-1.0631754339118824,stop,0.0,True,True
LPT-USD,2025-11-02 01:15:00,2025-11-03 04:00:00,6.17,5.050203955658599,6.486446428571428,5.050203955658599,3.4684671566569905,target,0.0,True,True
LPT-USD,2025-12-27 17:00:00,2025-12-28 00:30:00,2.951,2.936210359086724,3.189607142857143,2.936210359086724,0.008417997463213993,target,-0.009041835731177962,False,True
LPT-USD,2026-01-24 02:00:00,2026-01-24 04:30:00,3.3,3.4475000000000002,3.4475000000000002,2.878991352121409,-1.0805423728813557,stop,0.0,False,True
LQTY-USD,2025-01-22 08:00:00,2025-01-22 18:30:00,1.9883,1.8973599798729435,2.0783285714285715,1.8973599798729435,0.9328257551402642,target,0.0022085211044112945,True,True
LQTY-USD,2025-01-22 08:00:00,2025-01-22 18:30:00,1.9883,1.8973599798729435,2.0783285714285715,1.8973599798729435,0.9328257551402642,target,0.0022085211044112945,True,True
LQTY-USD,2025-07-16 23:15:00,2025-07-17 17:45:00,1.3255,1.3812267857142857,1.3812267857142857,1.2084467719072127,-1.0784927740571024,stop,0.007135706732463859,True,True
LQTY-USD,2025-09-19 03:45:00,2025-09-21 03:45:00,0.9148,0.9085,0.9527946428571429,0.849244647999892,0.10067736976453356,time,0.021542002936504163,False,True
LQTY-USD,2025-11-29 01:00:00,2025-11-29 19:30:00,0.484,0.5044464285714285,0.5044464285714285,0.4558909317720546,-1.0804834934497818,stop,0.004734323144104813,False,True
LQTY-USD,2025-12-05 17:30:00,2025-12-05 18:15:00,0.4862,0.48227221199987447,0.505925,0.48227221199987447,0.11039128010775974,target,0.0,False,True
LQTY-USD,2026-04-01 19:00:00,2026-04-02 00:30:00,0.2771,0.2744370194350558,0.291575,0.2744370194350558,0.11696929636920511,target,0.0019143350604490556,False,True
LQTY-USD,2026-06-01 15:00:00,2026-06-01 19:00:00,0.2745,0.2879446428571429,0.2879446428571429,0.26154335887781116,-1.0714596892017532,stop,0.002041705405764377,False,True
LQTY-USD,2026-09-27 15:00:00,2026-09-28 03:15:00,0.2498,0.23911174174790475,0.26048214285714283,0.23911174174790475,0.92106409581634,target,0.004676964226011378,False,True
LRC-USD,2025-06-03 05:00:00,2025-06-03 08:15:00,0.08922,0.08831826777777904,0.09260785714285714,0.08831826777777904,0.1731098871915099,target,0.001750766148007586,False,True
LRC-USD,2025-08-31 11:00:00,2025-08-31 14:15:00,0.10032,0.10544642857142857,0.10544642857142857,0.08878058142200589,-1.0704490455622129,stop,0.0,True,True
LRC-USD,2025-12-11 00:00:00,2025-12-11 01:15:00,0.06206,0.06682178571428571,0.06682178571428571,0.05195607236883179,-1.0469185329633242,stop,0.0,False,True
LRC-USD,2025-12-18 18:00:00,2025-12-18 20:15:00,0.06026,0.056995993772266995,0.06295767857142857,0.056995993772266995,1.1295156732180327,target,0.0,True,True
LRC-USD,2026-09-09 15:00:00,2026-09-09 15:45:00,0.0103,0.011119464285714285,0.011119464285714285,0.008565000487200212,-1.0452490738723035,stop,0.0,False,True
LSK-USD,2025-01-09 05:45:00,2025-01-09 11:00:00,1.0434,1.1019517857142858,1.1019517857142858,0.9883233283655012,-1.1320433662557567,stop,-0.06789092488822479,False,True
LSK-USD,2025-07-23 10:30:00,2025-07-23 17:15:00,0.5193,0.4930026176334141,0.5374232142857143,0.4930026176334141,1.3507445191928378,target,0.002865385752290866,False,True
LSK-USD,2025-07-23 10:30:00,2025-07-23 17:15:00,0.5193,0.4930026176334141,0.5374232142857143,0.4930026176334141,1.3507445191928378,target,0.002865385752290866,False,True
LSK-USD,2025-11-11 05:00:00,2025-11-11 06:00:00,0.2335,0.2486607142857143,0.2486607142857143,0.20534885362043748,-1.0554459363957598,stop,0.0,False,True
LSK-USD,2025-11-11 05:00:00,2025-11-11 06:00:00,0.2335,0.2486607142857143,0.2486607142857143,0.20534885362043748,-1.0554459363957598,stop,0.0,False,True
LSK-USD,2026-08-12 14:00:00,2026-08-13 08:30:00,0.09795,0.07817909853207322,0.10309339285714286,0.07817909853207322,3.6364209028778154,target,-0.1389627800854075,False,True
LSK-USD,2026-09-10 08:30:00,2026-09-10 09:45:00,0.1126,0.11766071428571429,0.11766071428571429,0.10729707224866224,-1.0800993648553283,stop,0.0,False,True
LTC-USD,2025-11-08 15:30:00,2025-11-08 23:45:00,99.2,102.98732142857143,102.98732142857143,93.55206711210265,-1.0916742892168418,stop,0.0026192654061954813,True,True
LUMIA-USD,2025-05-13 04:15:00,2025-05-15 04:15:00,0.4344,0.3984,0.46761964285714286,0.3845124061395521,1.044466376390906,time,0.007845960328979199,True,True
LUMIA-USD,2025-05-13 04:15:00,2025-05-15 04:15:00,0.4344,0.3984,0.46761964285714286,0.3845124061395521,1.044466376390906,time,0.007845960328979199,True,True
LUMIA-USD,2025-07-20 21:00:00,2025-07-21 08:15:00,0.3496,0.36769999999999997,0.36769999999999997,0.325546643550615,-1.0599863381215473,stop,0.00954736353591163,True,True
LUMIA-USD,2025-07-25 15:00:00,2025-07-25 15:15:00,0.3358,0.3344152208566332,0.35418035714285717,0.3344152208566332,0.009569952422557912,target,0.0,True,True
LUMIA-USD,2025-08-11 13:45:00,2025-08-11 21:45:00,0.3578,0.3395894427610293,0.3784660714285714,0.3395894427610293,0.8205844684890347,target,0.0017313401883694824,False,True
LUMIA-USD,2025-09-09 16:00:00,2025-09-10 03:00:00,0.3223,0.3430125,0.3430125,0.3168743237796976,-1.0544622812311406,stop,0.0015560651780325873,False,True
LUMIA-USD,2025-10-29 23:00:00,2025-10-30 00:30:00,0.1563,0.16775178571428573,0.16775178571428573,0.13673455376522042,-1.048452268828941,stop,0.0006824263215343822,False,True
LUMIA-USD,2025-11-07 12:00:00,2025-11-07 15:00:00,0.1497,0.1592125,0.1592125,0.1358646776270881,-1.056653876478318,stop,0.0,False,True
LUMIA-USD,2025-12-24 06:00:00,2025-12-24 09:45:00,0.10819,0.11516232142857144,0.11516232142857144,0.10616986054144084,-1.0550855986682033,stop,0.0007758535023690594,False,True
LUMIA-USD,2026-01-06 17:00:00,2026-01-06 19:00:00,0.13291,0.13860339285714288,0.13860339285714288,0.12756799749045022,-1.0840405733462972,stop,0.0,True,True
LUMIA-USD,2026-03-28 02:00:00,2026-03-28 07:15:00,0.07448,0.07716875,0.07716875,0.07281075032547601,-1.098337145513715,stop,0.0013850302185030273,False,True
LUMIA-USD,2026-04-27 11:00:00,2026-04-27 11:30:00,0.1604,0.1671225,0.1671225,0.13915927943774073,-1.0858966158423202,stop,0.0,False,True
LUMIA-USD,2026-04-27 11:00:00,2026-04-27 11:30:00,0.1604,0.1671225,0.1671225,0.13915927943774073,-1.0858966158423202,stop,0.0,False,True
LUMIA-USD,2026-05-24 22:00:00,2026-05-25 02:15:00,0.10851,0.10544545823696247,0.11709785714285714,0.10544545823696247,0.3119906652459898,target,0.0006317641187723527,False,True
LUMIA-USD,2026-06-22 19:00:00,2026-06-24 17:15:00,0.13685,0.11647542522671499,0.14736910714285714,0.11647542522671499,1.8978820637682459,target,0.0078057955760775476,False,True
LUMIA-USD,2026-06-22 19:00:00,2026-06-24 17:15:00,0.13685,0.11647542522671499,0.14736910714285714,0.11647542522671499,1.8978820637682459,target,0.0078057955760775476,False,True
LUNA2-USD,2025-01-05 18:15:00,2025-01-07 18:15:00,0.5237,0.4762,0.5484196428571428,0.45758333833092407,1.8579920537455823,time,0.012711348696091924,True,True
LUNA2-USD,2025-01-05 18:15:00,2025-01-07 18:15:00,0.5237,0.4762,0.5484196428571428,0.45758333833092407,1.8579920537455823,time,0.012711348696091924,True,True
LUNA2-USD,2025-12-05 09:00:00,2025-12-05 12:00:00,0.07981,0.08398946428571429,0.08398946428571429,0.07300941363801304,-1.068744695577868,stop,0.0,False,True
LUNA2-USD,2025-12-05 09:00:00,2025-12-05 12:00:00,0.07981,0.08398946428571429,0.08398946428571429,0.07300941363801304,-1.068744695577868,stop,0.0,False,True
LUNA2-USD,2026-02-18 19:00:00,2026-02-19 08:45:00,0.067,0.0653241355653423,0.07174196428571429,0.0653241355653423,0.30254644451452106,target,0.0,True,True
LUNA2-USD,2026-02-18 19:00:00,2026-02-19 08:45:00,0.067,0.0653241355653423,0.07174196428571429,0.0653241355653423,0.30254644451452106,target,0.0,True,True
LUNA2-USD,2026-08-11 14:00:00,2026-08-11 14:15:00,0.0485,0.050926071428571425,0.050926071428571425,0.0417920442008554,-1.0719682025614605,stop,0.0,False,True
LUNA2-USD,2026-08-11 14:00:00,2026-08-11 14:15:00,0.0485,0.050926071428571425,0.050926071428571425,0.0417920442008554,-1.0719682025614605,stop,0.0,False,True
MAGIC-USD,2025-01-03 09:00:00,2025-01-03 10:15:00,0.5249,0.5442660714285714,0.5442660714285714,0.4777281670884595,-1.0975747717842326,stop,0.0,True,True
MAGIC-USD,2025-04-20 00:00:00,2025-04-20 01:15:00,0.1254,0.136575,0.136575,0.08538510818643004,-1.0403973154362416,stop,0.0,True,True
MAGIC-USD,2025-08-02 07:00:00,2025-08-02 09:30:00,0.18,0.19534107142857143,0.19534107142857143,0.15421989473395062,-1.042239553020603,stop,0.0,True,True
MAGIC-USD,2025-12-10 12:00:00,2025-12-11 01:30:00,0.12195,0.10816435007427838,0.12831339285714286,0.10816435007427838,2.097407817708465,target,0.0,True,True
MAGIC-USD,2025-12-10 12:00:00,2025-12-11 01:30:00,0.12195,0.10816435007427838,0.12831339285714286,0.10816435007427838,2.097407817708465,target,0.0,True,True
MAGIC-USD,2025-12-23 23:30:00,2025-12-24 00:30:00,0.09912,0.09406722092288194,0.10279732142857143,0.09406722092288194,1.2776759302608232,target,0.0006738600495313948,True,True
MAGIC-USD,2026-02-17 04:00:00,2026-02-17 13:00:00,0.07497,0.08057196428571428,0.08057196428571428,0.07084700568435132,-1.0481781007937268,stop,0.0,True,True
MAGIC-USD,2026-09-23 11:30:00,2026-09-23 14:15:00,0.0517,0.049561544396348106,0.053725357142857144,0.049561544396348106,0.9652226574193821,target,0.0012763181096808335,False,True
MAGIC-USD,2026-10-03 04:45:00,2026-10-04 13:15:00,0.05904,0.06140446428571429,0.06140446428571429,0.05598604857789831,-1.079903088890567,stop,0.009987886111320883,False,True
MANA-USD,2026-10-03 00:15:00,2026-10-03 03:30:00,0.10045,0.10675339285714286,0.10675339285714286,0.09370729412775067,-1.0567715091079066,stop,0.0005975948327148074,False,True
MANTA-USD,2025-11-02 15:45:00,2025-11-03 03:30:00,0.113,0.10650969853402759,0.12199107142857142,0.10650969853402759,0.6697677883901804,target,-0.006848064826216493,False,True
MANTA-USD,2025-11-08 08:00:00,2025-11-09 02:45:00,0.11303,0.10506808733176964,0.12167482142857142,0.10506808733176964,0.8765491260682512,target,0.0026149759352213395,True,True
MASK-USD,2025-02-03 11:45:00,2025-02-03 16:15:00,2.377,2.555285714285714,2.555285714285714,2.2606511509559843,-1.046663862179487,stop,0.0013332532051282043,True,True
MASK-USD,2025-05-16 09:00:00,2025-05-16 15:15:00,1.449,1.507875,1.507875,1.421972298476926,-1.0886012738853503,stop,0.0,True,True
MASK-USD,2025-05-28 14:00:00,2025-05-28 18:15:00,2.162,2.263232142857143,2.263232142857143,1.9076196897201505,-1.0768846710178162,stop,0.0,True,True
MASK-USD,2025-06-02 04:00:00,2025-06-03 19:15:00,2.71,2.9267142857142856,2.9267142857142856,2.2733705252907472,-1.045017798286091,stop,0.0,True,True
MASK-USD,2025-12-28 19:00:00,2025-12-29 01:30:00,0.6165,0.59899896335439,0.6625160714285715,0.59899896335439,0.31278553467894166,target,-0.01930793117311498,False,True
MASK-USD,2025-12-28 19:00:00,2025-12-29 01:30:00,0.6165,0.59899896335439,0.6625160714285715,0.59899896335439,0.31278553467894166,target,-0.01930793117311498,False,True
MASK-USD,2026-02-15 03:00:00,2026-02-15 18:00:00,0.5113,0.4659585336391385,0.548525,0.4659585336391385,1.1685906342743164,target,0.0,False,True
MASK-USD,2026-02-15 03:00:00,2026-02-15 18:00:00,0.5113,0.4659585336391385,0.548525,0.4659585336391385,1.1685906342743164,target,0.0,False,True
MASK-USD,2026-04-23 20:00:00,2026-04-25 20:00:00,0.5128,0.513,0.5449392857142856,0.4900533452452924,-0.054089565507278115,time,0.009573330370041154,False,True
MASK-USD,2026-10-02 17:15:00,2026-10-02 18:45:00,0.4852,0.47021069785158637,0.5081803571428571,0.47021069785158637,0.5762565858350807,target,0.0,False,True
MAV-USD,2025-07-01 07:15:00,2025-07-01 08:30:00,0.05647,0.06084714285714286,0.06084714285714286,0.045792967575025885,-1.0769080300750653,stop,-0.030464035296997385,False,True
MAV-USD,2025-07-16 23:00:00,2025-07-17 19:45:00,0.04952,0.05235839285714285,0.05235839285714285,0.045869743988279206,-1.0575734256055365,stop,0.005233947782321495,True,True
MAV-USD,2025-08-13 02:15:00,2025-08-13 11:15:00,0.06061,0.06386375,0.06386375,0.05662130930578875,-1.0651970802919708,stop,0.0018627737226277375,True,True
MAV-USD,2025-08-13 02:15:00,2025-08-13 11:15:00,0.06061,0.06386375,0.06386375,0.05662130930578875,-1.0651970802919708,stop,0.0018627737226277375,True,True
MAV-USD,2025-08-16 21:00:00,2025-08-17 03:15:00,0.05733,0.059745178571428574,0.059745178571428574,0.055048074050965616,-1.0830808133086873,stop,0.0023737375231053567,True,True
MAV-USD,2025-08-24 09:00:00,2025-08-25 09:15:00,0.05838,0.06314357142857142,0.06314357142857142,0.05722028665940126,-1.0564019430859202,stop,-0.012282105029239782,True,True
MAV-USD,2025-12-14 04:00:00,2025-12-14 06:15:00,0.03083,0.030228744564063235,0.031906250000000004,0.030228744564063235,0.45553304152080126,target,0.0,False,True
MAV-USD,2026-04-08 15:00:00,2026-04-08 15:30:00,0.014957,0.01408406043259129,0.015925500000000002,0.01408406043259129,0.8457350205562292,target,0.0,False,True
MAV-USD,2026-07-10 18:00:00,2026-07-10 19:00:00,0.0097,0.009609309554030557,0.010479767857142858,0.009609309554030557,0.07152185802296468,target,0.0,False,True
MAV-USD,2026-07-23 20:00:00,2026-07-23 21:45:00,0.009097,0.009014400681796679,0.009585678571428571,0.009014400681796679,0.10201003505758767,target,0.0,False,True
MAVIA-USD,2025-09-13 05:00:00,2025-09-14 15:15:00,0.18,0.1636613788253212,0.18931785714285715,0.1636613788253212,1.753923431548508,target,0.06999321732464536,False,True
MAVIA-USD,2025-10-27 23:15:00,2025-10-28 15:30:00,0.25229,0.1522888218413046,0.2709960714285714,0.1522888218413046,5.300064876650967,target,0.0026974129866162684,True,True
MAVIA-USD,2026-05-27 18:00:00,2026-05-27 20:15:00,0.03401,0.032180833325761944,0.03591517857142857,0.032180833325761944,0.8967302067422537,target,0.0008925672509138625,False,True
MAVIA-USD,2026-06-25 11:30:00,2026-06-25 19:45:00,0.02794,0.029111071428571427,0.029111071428571427,0.02586314328726418,-1.0835047270509301,stop,0.0023858493443122924,False,True
ME-USD,2026-01-18 12:15:00,2026-01-20 12:15:00,0.29992,0.23812,0.3156694642857143,0.2327817852265984,3.8553875165822,time,0.0,True,True
ME-USD,2026-02-12 06:00:00,2026-02-12 07:00:00,0.15865,0.16785178571428572,0.16785178571428572,0.13885473237550378,-1.0620683873471766,stop,0.0,True,True
MELANIA-USD,2025-06-28 14:00:00,2025-06-28 16:15:00,0.2104,0.20312350185823091,0.22620357142857142,0.20312350185823091,0.41317104625883533,target,0.0006656723163841813,True,True
MELANIA-USD,2025-07-17 02:30:00,2025-07-19 02:30:00,0.2502,0.2434,0.26875535714285714,0.21925985347556226,0.3323217352555077,time,0.014393066214993724,True,True
MELANIA-USD,2025-11-10 16:00:00,2025-11-10 17:30:00,0.15533,0.16622660714285714,0.16622660714285714,0.11664299575887895,-1.0513176250798906,stop,0.0,True,True
MELANIA-USD,2025-11-10 16:00:00,2025-11-10 17:30:00,0.15533,0.16622660714285714,0.16622660714285714,0.11664299575887895,-1.0513176250798906,stop,0.0,True,True
MELANIA-USD,2026-01-07 01:45:00,2026-01-07 12:00:00,0.14607,0.15849517857142856,0.15849517857142856,0.13616577903033292,-1.0405580891335278,stop,0.0017633951797186042,False,True
MELANIA-USD,2026-01-07 01:45:00,2026-01-07 12:00:00,0.14607,0.15849517857142856,0.15849517857142856,0.13616577903033292,-1.0405580891335278,stop,0.0017633951797186042,False,True
MELANIA-USD,2026-08-22 23:00:00,2026-08-23 14:30:00,0.1094,0.11855696428571429,0.11855696428571429,0.09339053309605687,-1.0406204489167106,stop,0.0023894381715712076,False,True
MELANIA-USD,2026-09-07 16:00:00,2026-09-07 16:15:00,0.11614,0.11228782267919565,0.12098178571428571,0.11228782267919565,0.7092576011102861,target,0.0,True,True
MEME-USD,2025-05-14 03:15:00,2025-05-14 17:15:00,0.003071,0.002765977164809645,0.0032021607142857147,0.002765977164809645,2.2459578448822093,target,0.004682804628999303,True,True
MEME-USD,2025-05-14 03:15:00,2025-05-14 17:15:00,0.003071,0.002765977164809645,0.0032021607142857147,0.002765977164809645,2.2459578448822093,target,0.004682804628999303,True,True
MEME-USD,2025-07-31 18:30:00,2025-08-01 08:15:00,0.00223,0.0018103056344812133,0.002409642857142857,0.0018103056344812133,2.294064857758657,target,0.002482703777335987,True,True
MEME-USD,2025-08-20 19:00:00,2025-08-20 20:00:00,0.002811,0.003026839285714286,0.003026839285714286,0.002121589478275115,-1.0462337056341524,stop,0.0006511789525936956,True,True
MEME-USD,2026-05-31 08:00:00,2026-05-31 10:15:00,0.0005427,0.000581555357142857,0.000581555357142857,0.0005140568435089598,-1.0502818695712122,stop,0.0,False,True
MEME-USD,2026-06-04 10:00:00,2026-06-04 12:45:00,0.0005805,0.0006229892857142858,0.0006229892857142858,0.0005480396020348325,-1.049634062553585,stop,-0.0004498984786080512,False,True
MEME-USD,2026-06-14 16:45:00,2026-06-16 16:45:00,0.0006532,0.0006528,0.0006816035714285715,0.0005825694620299323,-0.05490858795423075,time,0.013798264805733687,True,True
MERL-USD,2025-03-13 21:00:00,2025-03-13 23:00:00,0.09053,0.09454410714285715,0.09454410714285715,0.08733379769848884,-1.0811906579474175,stop,0.0,False,True
MERL-USD,2025-05-28 19:00:00,2025-05-29 00:15:00,0.12726,0.13611607142857143,0.13611607142857143,0.12155504303246527,-1.0502943097955397,stop,0.0014369802798725666,True,True
MERL-USD,2025-07-24 05:00:00,2025-07-24 12:15:00,0.15553,0.12558255947585426,0.16723839285714287,0.12558255947585426,2.385996609987586,target,-0.12395782036939304,True,True
MERL-USD,2025-07-24 05:00:00,2025-07-24 12:15:00,0.15553,0.12558255947585426,0.16723839285714287,0.12558255947585426,2.385996609987586,target,-0.12395782036939304,True,True
METIS-USD,2025-02-25 00:30:00,2025-02-25 02:00:00,26.74,25.531268778699467,28.999285714285715,25.531268778699467,0.49239775840048783,target,0.0,False,True
METIS-USD,2025-05-12 20:00:00,2025-05-13 08:30:00,22.65,24.078035714285715,24.078035714285715,21.280440254036343,-1.0547202701012879,stop,0.0023791421783168655,False,True
METIS-USD,2025-08-09 22:00:00,2025-08-10 00:45:00,18.62,19.626428571428573,19.626428571428573,16.335901648288832,-1.0656787792760822,stop,0.000925053229240596,False,True
METIS-USD,2026-09-06 14:15:00,2026-09-06 20:30:00,3.33,3.505357142857143,3.505357142857143,2.860664989561159,-1.0787004468431771,stop,-0.010337106720977589,False,True
MEW-USD,2025-03-17 14:00:00,2025-03-18 03:15:00,0.00192,0.001889264162136082,0.0019960535714285714,0.001889264162136082,0.3170375488094419,target,0.0037868044141817388,True,True
MEW-USD,2025-05-12 06:15:00,2025-05-14 06:15:00,0.004205,0.003944,0.004514839285714286,0.0034621629978730225,0.8008959058498096,time,0.00738129574087949,True,True
MEW-USD,2025-05-12 06:15:00,2025-05-14 06:15:00,0.004205,0.003944,0.004514839285714286,0.0034621629978730225,0.8008959058498096,time,0.00738129574087949,True,True
MEW-USD,2025-05-23 05:00:00,2025-05-25 05:00:00,0.004537,0.003913,0.004878285714285714,0.003640417582584352,1.7789591363666828,time,-0.0015630905064880714,True,True
MINA-USD,2025-07-20 21:15:00,2025-07-21 03:15:00,0.2291,0.23920178571428571,0.23920178571428571,0.21809934498731934,-1.0805110129043662,stop,0.0011339579282305108,True,True
MINA-USD,2025-07-20 21:15:00,2025-07-21 03:15:00,0.2291,0.23920178571428571,0.23920178571428571,0.21809934498731934,-1.0805110129043662,stop,0.0011339579282305108,True,True
MNT-USD,2025-08-05 02:00:00,2025-08-05 05:30:00,0.8215,0.88565,0.88565,0.7500975247037686,-1.0461013250194855,stop,0.0,True,True
MOCA-USD,2025-02-08 16:30:00,2025-02-09 00:00:00,0.1456,0.15111767857142858,0.15111767857142858,0.14309911273452677,-1.0978168120910061,stop,-0.00282033971325933,True,True
MOCA-USD,2025-02-23 02:00:00,2025-02-24 14:45:00,0.15609,0.1309554862387532,0.16672464285714286,0.1309554862387532,2.231727777102162,target,-0.07888952254155893,True,True
MOCA-USD,2026-03-17 13:00:00,2026-03-18 12:45:00,0.015801,0.015206803290688626,0.016781482142857143,0.015206803290688626,0.5528437343405554,target,0.004834662247072317,False,True
MOCA-USD,2026-09-29 15:30:00,2026-10-01 10:15:00,0.010885,0.010254553421658786,0.011333392857142858,0.010254553421658786,1.3319733328199135,target,0.013351573078454797,False,True
MOCA-USD,2026-09-29 15:30:00,2026-10-01 10:15:00,0.010885,0.010254553421658786,0.011333392857142858,0.010254553421658786,1.3319733328199135,target,0.013351573078454797,False,True
MOODENG-USD,2025-02-26 14:15:00,2025-02-26 15:15:00,0.0616,0.06441946428571428,0.06441946428571428,0.05958168210198371,-1.0786532395971882,stop,0.0,True,True
MOODENG-USD,2025-03-27 12:00:00,2025-03-27 13:45:00,0.04394,0.042632981607469894,0.047373035714285715,0.042632981607469894,0.3346409673949853,target,0.0,True,True
MOODENG-USD,2026-03-14 00:45:00,2026-03-16 00:45:00,0.05498,0.05381,0.05876803571428572,0.051455335744849014,0.22523046590675636,time,-0.03138591084335076,True,True
MOODENG-USD,2026-04-17 02:00:00,2026-04-18 17:15:00,0.05928,0.05430552130694858,0.062263035714285715,0.05430552130694858,1.6059850273024803,target,0.009936186770428011,True,True
MOODENG-USD,2026-04-17 02:00:00,2026-04-18 17:15:00,0.05928,0.05430552130694858,0.062263035714285715,0.05430552130694858,1.6059850273024803,target,0.009936186770428011,True,True
MOODENG-USD,2026-09-06 07:00:00,2026-09-08 07:00:00,0.04427,0.04381,0.046734285714285714,0.042175770350735206,0.13277275362318627,time,0.010778782608695638,True,True
MOODENG-USD,2026-09-25 05:45:00,2026-09-27 05:45:00,0.0488,0.04863,0.052662321428571426,0.04680112443278351,0.006110314855056619,time,0.007580933006611505,True,True
MOODENG-USD,2026-09-25 05:45:00,2026-09-27 05:45:00,0.0488,0.04863,0.052662321428571426,0.04680112443278351,0.006110314855056619,time,0.007580933006611505,True,True
MORPHO-USD,2025-01-16 15:00:00,2025-01-16 15:30:00,3.0884,3.225635714285714,3.225635714285714,2.714464101316337,-1.0810156456565867,stop,0.0,True,True
MORPHO-USD,2025-09-18 23:00:00,2025-09-20 01:45:00,2.305,2.063180416266357,2.493560714285714,2.063180416266357,1.243412752342372,target,0.00497035134572041,True,True
MORPHO-USD,2026-04-01 14:45:00,2026-04-01 20:15:00,1.5882,1.5351138184219097,1.7081464285714285,1.5351138184219097,0.3961877318572368,target,0.0012725839678427882,True,True
MOVE-USD,2025-12-14 11:00:00,2025-12-15 17:00:00,0.04654,0.039028794785838046,0.04923410714285714,0.039028794785838046,2.7258237422487515,target,0.0,True,True
MOVE-USD,2025-12-24 14:45:00,2025-12-26 14:45:00,0.03703,0.03508,0.040174464285714286,0.03361680776705191,0.41641594577772756,time,-0.16132698113464708,True,True
MOVE-USD,2026-01-15 21:30:00,2026-01-16 00:15:00,0.03994,0.03750055674671213,0.042190178571428566,0.03750055674671213,1.0202120322523733,target,0.0,True,True
MOVE-USD,2026-04-19 01:15:00,2026-04-19 06:15:00,0.02174,0.01883239260891987,0.023198035714285716,0.01883239260891987,1.939449318404004,target,-0.0010678879706062438,False,True
MOVE-USD,2026-04-19 01:15:00,2026-04-19 06:15:00,0.02174,0.01883239260891987,0.023198035714285716,0.01883239260891987,1.939449318404004,target,-0.0010678879706062438,False,True
MOVR-USD,2025-08-17 20:15:00,2025-08-18 01:30:00,7.168,6.918940988627717,7.696375,6.918940988627717,0.42320815968258085,target,0.0006783061272770292,False,True
MOVR-USD,2025-09-19 11:30:00,2025-09-19 21:00:00,5.942,5.9145712260030265,6.175946428571429,5.9145712260030265,0.03441775985272297,target,0.008610253263109687,False,True
MOVR-USD,2025-11-28 08:00:00,2025-11-28 16:30:00,3.242,3.2017300055679767,3.428517857142857,3.2017300055679767,0.15506823247422744,target,0.0017381713738630943,False,True
MOVR-USD,2025-12-07 15:00:00,2025-12-07 16:00:00,2.992,3.1384642857142855,3.1384642857142855,2.932529855440286,-1.1033247547427458,stop,-0.029783277054377024,False,True
MOVR-USD,2026-03-07 21:45:00,2026-03-08 04:45:00,1.3721,1.2789584404965522,1.4830214285714285,1.2789584404965522,0.7964124753997508,target,0.0012370017386824673,False,True
MOVR-USD,2026-04-01 14:00:00,2026-04-03 01:00:00,1.29,1.165195605553699,1.380880357142857,1.165195605553699,1.344271844731668,target,0.022089601791995025,False,True
MOVR-USD,2026-08-26 12:00:00,2026-08-26 12:45:00,0.741,0.7174733164402667,0.7733392857142858,0.7174733164402667,0.6450075534760147,target,0.0,False,True
MOVR-USD,2026-09-30 21:00:00,2026-09-30 21:45:00,1.996,2.142214285714286,2.142214285714286,1.2719982839548298,-1.049144308744504,stop,0.0,True,True
MOVR-USD,2026-09-30 21:00:00,2026-09-30 21:45:00,1.996,2.142214285714286,2.142214285714286,1.2719982839548298,-1.049144308744504,stop,0.0,True,True
MTL-USD,2025-07-12 13:00:00,2025-07-14 13:00:00,0.7996,0.8013,0.8317821428571428,0.7463470412674594,-0.12832161544778722,time,0.013948587637332163,False,True
MTL-USD,2025-09-14 04:00:00,2025-09-14 23:45:00,0.7568,0.7409561168828376,0.7910714285714286,0.7409561168828376,0.3872252681122843,target,0.004416506877865772,False,True
MTL-USD,2026-05-23 06:00:00,2026-05-23 07:00:00,0.3438,0.3607964285714286,0.3607964285714286,0.29756073731018434,-1.0728200042025635,stop,0.0,False,True
MTL-USD,2026-09-12 05:15:00,2026-09-12 15:00:00,0.2716,0.284325,0.284325,0.24889065855720774,-1.1535027706090375,stop,-0.0766650495874264,False,True
MTL-USD,2026-09-12 05:15:00,2026-09-12 15:00:00,0.2716,0.284325,0.284325,0.24889065855720774,-1.1535027706090375,stop,-0.0766650495874264,False,True
NEO-USD,2026-09-13 23:00:00,2026-09-14 15:30:00,2.247,2.2134957753344944,2.344303571428571,2.2134957753344944,0.2658116684287596,target,0.004618535511102962,False,True
NMR-USD,2025-01-16 15:15:00,2025-01-16 16:15:00,14.282,14.790875,14.790875,14.011173795052615,-1.0996337017931712,stop,0.001403291574551708,False,True
NMR-USD,2025-08-18 00:00:00,2025-08-18 00:45:00,9.013,8.92703895378537,9.379303571428572,8.92703895378537,0.14609261385556732,target,0.0,False,True
NMR-USD,2025-11-20 18:45:00,2025-11-20 19:45:00,13.007,13.84067857142857,13.84067857142857,10.336884294906334,-1.056166970826372,stop,0.0,True,True
NMR-USD,2026-05-17 07:15:00,2026-05-18 08:30:00,10.226,9.417310817882129,10.644267857142857,9.417310817882129,1.8539667078769122,target,0.008556956837296691,False,True
NOT-USD,2025-03-16 02:00:00,2025-03-16 08:45:00,0.002508,0.0026975714285714285,0.0026975714285714285,0.002216346259709182,-1.0469164585983421,stop,0.0007109716955538805,True,True
NOT-USD,2026-08-31 14:00:00,2026-08-31 22:30:00,0.0004556,0.00048094999999999995,0.00048094999999999995,0.0004217679703531015,-1.0629033530571992,stop,0.001797238658777125,False,True
OG-USD,2025-05-17 02:00:00,2025-05-17 09:30:00,5.3873,5.16261211788485,5.629664285714286,5.16261211788485,0.8493551018809039,target,0.0023095006277445355,False,True
OG-USD,2025-08-05 15:15:00,2025-08-07 13:15:00,7.1619,7.4868910714285715,7.4868910714285715,5.740396203078979,-1.069802456148356,stop,0.009531538741613783,False,True
OG-USD,2026-02-03 19:15:00,2026-02-03 20:15:00,3.965,4.195714285714286,4.195714285714286,3.2580365126379776,-1.0618687306501549,stop,0.0,False,True
OG-USD,2026-02-10 21:00:00,2026-02-11 00:45:00,4.705,4.892160714285715,4.892160714285715,4.040775361342598,-1.087985879209999,stop,0.0025138822631428264,True,True
OG-USD,2026-04-18 17:00:00,2026-04-19 04:45:00,3.235,3.0584870218025313,3.4414107142857144,3.0584870218025313,0.8013463822353343,target,0.0026137255125875903,False,True
OG-USD,2026-04-18 17:00:00,2026-04-19 04:45:00,3.235,3.0584870218025313,3.4414107142857144,3.0584870218025313,0.8013463822353343,target,0.0026137255125875903,False,True
OG-USD,2026-05-11 03:00:00,2026-05-13 03:00:00,3.872,3.625,4.02925,3.4558239480358446,1.5291226637837798,time,0.04701900718600944,False,True
OG-USD,2026-06-07 20:00:00,2026-06-09 12:45:00,2.719,2.859946428571429,2.859946428571429,2.564760673416893,-1.0598021538071707,stop,0.009645508678575922,False,True
OG-USD,2026-07-12 00:00:00,2026-07-12 06:30:00,2.707,2.6325210965043326,2.8063928571428574,2.6325210965043326,0.6512913035855823,target,0.0,False,True
OG-USD,2026-08-24 02:15:00,2026-08-26 02:15:00,2.905,2.936,3.136875,2.795597049790294,-0.17127762803234556,time,0.00751698113207547,False,True
OGN-USD,2025-04-20 10:00:00,2025-04-22 10:00:00,0.06944,0.05774,0.07457482142857143,0.053115036990267483,2.1973275006642337,time,-0.032548680869414044,False,True
OGN-USD,2025-06-04 21:00:00,2025-06-04 21:30:00,0.05933,0.05841823265929386,0.062495,0.05841823265929386,0.22059378853274486,target,0.0,False,True
OGN-USD,2025-12-29 21:30:00,2025-12-31 15:15:00,0.03222,0.030010943092106723,0.03468125,0.030010943092106723,0.816527348661565,target,-0.03387992727272729,False,True
ONG-USD,2026-03-11 07:30:00,2026-03-13 07:30:00,0.06317,0.06081,0.06777250000000001,0.05979521533534826,0.37175275430744104,time,-0.09160150967952183,False,True
ONG-USD,2026-08-16 10:15:00,2026-08-17 01:15:00,0.05124,0.05539803571428571,0.05539803571428571,0.04546428482739813,-1.0418986300193258,stop,0.0024646252952544574,False,True
ONT-USD,2025-01-13 02:00:00,2025-01-13 17:00:00,0.26965,0.24689806855202892,0.2854776785714286,0.24689806855202892,0.5970209173964912,target,-0.7791247599165111,True,True
ONT-USD,2025-12-28 06:00:00,2025-12-29 00:15:00,0.06638,0.05901024288019983,0.07045446428571428,0.05901024288019983,1.554302325241747,target,-0.19581465205066398,True,True
ONT-USD,2026-03-24 14:00:00,2026-03-25 00:45:00,0.06534,0.07061446428571429,0.07061446428571429,0.043499559663099686,-1.0445967566103531,stop,0.0,True,True
ONT-USD,2026-03-28 22:45:00,2026-03-30 00:30:00,0.06218,0.06731857142857142,0.06731857142857142,0.05616149850025189,-1.0450437832026689,stop,-0.0014814812844036714,True,True
OP-USD,2025-05-14 03:00:00,2025-05-14 14:00:00,0.8716,0.8308542364916334,0.9249839285714286,0.8308542364916334,0.7061144527407703,target,0.0016327011205887268,True,True
OP-USD,2025-05-14 03:00:00,2025-05-14 14:00:00,0.8716,0.8308542364916334,0.9249839285714286,0.8308542364916334,0.7061144527407703,target,0.0016327011205887268,True,True
ORCA-USD,2025-01-18 17:00:00,2025-01-19 13:00:00,4.07,4.298,4.402875,3.6751157323344077,-0.7325119182876457,time,-0.0035536006008261393,True,True
ORCA-USD,2025-03-21 06:15:00,2025-03-21 07:30:00,2.518,2.716732142857143,2.716732142857143,1.5729569821546565,-1.0456131548207386,stop,0.0,False,True
ORCA-USD,2025-03-21 06:15:00,2025-03-21 07:30:00,2.518,2.716732142857143,2.716732142857143,1.5729569821546565,-1.0456131548207386,stop,0.0,False,True
ORCA-USD,2025-05-28 07:00:00,2025-05-28 19:30:00,2.963,2.8219723962689596,3.123767857142857,2.8219723962689596,0.8108636020146922,target,0.0,True,True
ORCA-USD,2025-07-15 00:15:00,2025-07-17 00:15:00,2.613,2.535,2.831553571428571,2.35348367023097,0.19256121894926015,time,-0.12128952049023628,True,True
ORCA-USD,2026-02-17 04:00:00,2026-02-17 07:45:00,1.0321,1.0904839285714285,1.0904839285714285,0.8121759758563319,-1.0636401162257227,stop,0.0,False,True
ORCA-USD,2026-02-17 04:00:00,2026-02-17 07:45:00,1.0321,1.0904839285714285,1.0904839285714285,0.8121759758563319,-1.0636401162257227,stop,0.0,False,True
ORCA-USD,2026-04-25 16:00:00,2026-04-26 01:00:00,1.2768,1.3394589285714287,1.3394589285714287,0.9684829690026516,-1.0733571432642706,stop,0.0,False,True
ORCA-USD,2026-09-06 15:00:00,2026-09-07 00:15:00,1.414,1.510905357142857,1.510905357142857,1.2929443052595158,-1.0675460663165461,stop,-0.015016462690032626,False,True
ORCA-USD,2026-09-06 15:00:00,2026-09-07 00:15:00,1.414,1.510905357142857,1.510905357142857,1.2929443052595158,-1.0675460663165461,stop,-0.015016462690032626,False,True
ORDER-USD,2025-01-20 22:00:00,2025-01-20 22:15:00,0.2705,0.26859725639361937,0.28910357142857146,0.26859725639361937,0.0499336167760765,target,0.0,True,True
ORDER-USD,2025-01-20 22:00:00,2025-01-20 22:15:00,0.2705,0.26859725639361937,0.28910357142857146,0.26859725639361937,0.0499336167760765,target,0.0,True,True
ORDER-USD,2025-07-28 08:15:00,2025-07-28 22:45:00,0.1151,0.10804695083863178,0.11979285714285713,0.10804695083863178,1.4201696784041877,target,0.005532718599695592,True,True
ORDER-USD,2025-08-24 04:00:00,2025-08-26 04:00:00,0.1969,0.1531,0.20891964285714285,0.15026979894304407,3.6237478617025696,time,0.03868626610013372,True,True
ORDER-USD,2025-09-22 23:30:00,2025-09-24 02:15:00,0.3221,0.2525581541833906,0.3486535714285714,0.2525581541833906,2.6433716470276596,target,0.06811407760591805,True,True
ORDER-USD,2026-02-05 05:00:00,2026-02-05 09:45:00,0.07259,0.06519217671357597,0.07562142857142856,0.06519217671357597,2.117893500257701,target,-0.23627685812912438,True,True
PEAQ-USD,2025-08-25 05:00:00,2025-08-25 19:45:00,0.0712,0.06682030673962848,0.07465357142857143,0.06682030673962848,1.1980679554333244,target,0.004123267838676316,False,True
PEAQ-USD,2025-09-14 15:00:00,2025-09-16 15:00:00,0.1193,0.0962,0.12975892857142857,0.08607950781657644,2.206250024982076,time,0.0386742694758409,True,True
PEAQ-USD,2025-10-29 15:00:00,2025-10-30 05:30:00,0.09385,0.08659184781799821,0.10026607142857143,0.08659184781799821,1.0858325035905947,target,0.007245355825215703,True,True
PEAQ-USD,2026-04-17 02:00:00,2026-04-17 04:15:00,0.016264,0.017204785714285714,0.017204785714285714,0.014623066872828118,-1.062235638903652,stop,0.0,False,True
PEAQ-USD,2026-09-05 03:00:00,2026-09-07 03:00:00,0.026676,0.027028,0.027864482142857146,0.023980375105283832,-0.36351240327548645,time,0.013467261663285953,False,True
PEAQ-USD,2026-09-07 15:00:00,2026-09-07 16:45:00,0.029285,0.03176896428571428,0.03176896428571428,0.025968921894557125,-1.0290989092378255,stop,0.013343729976563969,False,True
PEOPLE-USD,2025-05-14 02:00:00,2025-05-14 06:45:00,0.0342,0.03720482142857143,0.03720482142857143,0.024177930472749055,-1.040974148689606,stop,0.0,True,True
PHA-USD,2025-01-16 09:00:00,2025-01-16 19:15:00,0.37251,0.3926939285714286,0.3926939285714286,0.3070484003845269,-1.0645952048128815,stop,0.0018455772803680423,True,True
PHA-USD,2025-05-05 20:45:00,2025-05-06 16:15:00,0.11325,0.1064285281950214,0.11893821428571429,0.1064285281950214,1.1325319303032655,target,0.004977396873234134,False,True
PHA-USD,2025-05-23 12:00:00,2025-05-23 23:15:00,0.14675,0.13557399995670072,0.1576742857142857,0.13557399995670072,0.976024915693669,target,0.0013433372564404333,False,True
PHA-USD,2025-05-30 17:15:00,2025-05-30 23:00:00,0.14506,0.13676655834730236,0.15458464285714285,0.13676655834730236,0.8166688000132502,target,0.0007614983688927219,True,True
PHA-USD,2025-05-30 17:15:00,2025-05-30 23:00:00,0.14506,0.13676655834730236,0.15458464285714285,0.13676655834730236,0.8166688000132502,target,0.0007614983688927219,True,True
PHA-USD,2025-07-18 14:30:00,2025-07-18 15:30:00,0.11827,0.11648384043665233,0.12323660714285714,0.11648384043665233,0.27390681892449403,target,0.0,False,True
PHA-USD,2025-08-22 05:00:00,2025-08-22 12:30:00,0.12244,0.11536742972653652,0.1283555357142857,0.11536742972653652,1.1231493806078263,target,0.0020698040873003897,False,True
PHA-USD,2025-11-08 08:15:00,2025-11-08 09:00:00,0.06466,0.06725910714285714,0.06725910714285714,0.05719443101002222,-1.0895599862590175,stop,0.0,False,True
PHA-USD,2026-05-24 19:00:00,2026-05-25 08:15:00,0.03796,0.04099125,0.04099125,0.03504797277473374,-1.0425778144329898,stop,0.00250457731958763,False,True
PHA-USD,2026-09-06 08:30:00,2026-09-06 15:00:00,0.02587,0.02696339285714286,0.02696339285714286,0.02523190574490049,-1.0839940552016984,stop,0.0011830148619957521,False,True
PHA-USD,2026-09-25 08:00:00,2026-09-25 09:30:00,0.05554,0.059455714285714285,0.059455714285714285,0.0482725459166177,-1.0510619481940897,stop,0.0,True,True
PHA-USD,2026-09-25 08:00:00,2026-09-25 09:30:00,0.05554,0.059455714285714285,0.059455714285714285,0.0482725459166177,-1.0510619481940897,stop,0.0,True,True
PIPPIN-USD,2025-01-22 08:15:00,2025-01-22 12:45:00,0.20607,0.22020571428571428,0.22020571428571428,0.13311263662905212,-1.0524806872157655,stop,0.0,True,True
PIPPIN-USD,2025-02-11 13:30:00,2025-02-12 04:30:00,0.03267,0.028180603316672114,0.035173750000000004,0.028180603316672114,1.7487044167060901,target,0.0026096854717923054,True,True
PIPPIN-USD,2025-10-24 15:00:00,2025-10-24 16:00:00,0.02813,0.029537678571428572,0.029537678571428572,0.01854744666199577,-1.0759573518203729,stop,-0.004017633439046042,True,True
PIXEL-USD,2025-06-28 14:00:00,2025-06-28 22:15:00,0.03092,0.03208017857142857,0.03208017857142857,0.030615750712109573,-1.0932787440357088,stop,0.0026651069724488202,False,True
PIXEL-USD,2025-12-06 18:00:00,2025-12-06 18:00:00,0.01065,0.01065,0.011479464285714286,0.01062299606011929,-0.04622260495156081,time,0.0,False,True
PIXEL-USD,2026-01-17 17:00:00,2026-01-18 23:30:00,0.01077,0.009981979463654563,0.011432428571428573,0.009981979463654563,1.136753559287913,target,0.005690424843648903,False,True
PIXEL-USD,2026-03-10 19:15:00,2026-03-10 22:45:00,0.008661,0.009129660714285713,0.009129660714285713,0.005265503946278555,-1.0665291522194706,stop,0.0,False,True
PIXEL-USD,2026-08-14 14:00:00,2026-08-14 16:15:00,0.00472,0.00491075,0.00491075,0.004454251332922711,-1.0878427260812582,stop,0.0012372214941022285,False,True
PLUME-USD,2025-01-26 10:00:00,2025-01-26 21:30:00,0.14294,0.12534943936667078,0.15457482142857143,0.12534943936667078,1.46950408635782,target,0.0018428301741999866,True,True
PLUME-USD,2025-02-03 13:15:00,2025-02-03 14:15:00,0.16012,0.15044673270104642,0.17088160714285713,0.15044673270104642,0.8453045328821082,target,0.0,True,True
PLUME-USD,2025-03-17 15:00:00,2025-03-17 16:45:00,0.1718,0.18481553571428572,0.18481553571428572,0.14748174282567833,-1.0468586167629343,stop,0.0006599805177878088,True,True
PLUME-USD,2025-03-17 15:00:00,2025-03-17 16:45:00,0.1718,0.18481553571428572,0.18481553571428572,0.14748174282567833,-1.0468586167629343,stop,0.0006599805177878088,True,True
PLUME-USD,2026-04-13 04:15:00,2026-04-13 19:30:00,0.010511,0.010918017857142857,0.010918017857142857,0.009742211572267697,-1.0890942482341068,stop,0.003873662966700299,False,True
PNUT-USD,2025-01-04 10:00:00,2025-01-06 09:30:00,0.7616,0.7157340577853136,0.8094964285714286,0.7157340577853136,0.9099037968915231,target,0.009540586086048781,True,True
PNUT-USD,2025-03-13 16:00:00,2025-03-13 20:45:00,0.1718,0.16610220700308784,0.18266249999999998,0.16610220700308784,0.46838662728765806,target,0.0007858910932105891,True,True
POL-USD,2026-01-10 14:45:00,2026-01-10 19:00:00,0.17254,0.18010071428571428,0.18010071428571428,0.14580982058736527,-1.081013112895607,stop,0.0011410297590930569,True,True
POL-USD,2026-01-10 14:45:00,2026-01-10 19:00:00,0.17254,0.18010071428571428,0.18010071428571428,0.14580982058736527,-1.081013112895607,stop,0.0011410297590930569,True,True
POLYX-USD,2025-03-25 03:00:00,2025-03-27 03:00:00,0.1497,0.1468,0.16174285714285713,0.13730088119857345,0.15043005372479135,time,-0.045626411281138826,False,True
POLYX-USD,2025-05-13 01:45:00,2025-05-15 01:45:00,0.1872,0.1815,0.2026375,0.1674296079265291,0.26983523912550683,time,-0.05574079326315793,False,True
POLYX-USD,2026-04-04 02:15:00,2026-04-04 03:30:00,0.05256,0.05456107142857143,0.05456107142857143,0.04523308150877498,-1.0945573442798502,stop,0.0,True,True
PORTAL-USD,2025-12-22 20:00:00,2025-12-22 21:30:00,0.02403,0.02507482142857143,0.02507482142857143,0.022293029000497493,-1.0827969236028028,stop,0.0,False,True
PORTAL-USD,2025-12-22 20:00:00,2025-12-22 21:30:00,0.02403,0.02507482142857143,0.02507482142857143,0.022293029000497493,-1.0827969236028028,stop,0.0,False,True
POWR-USD,2025-11-08 15:00:00,2025-11-10 10:00:00,0.10412,0.11004214285714287,0.11004214285714287,0.10142011731097474,-1.0536234953564105,stop,0.009669810638041242,False,True
POWR-USD,2026-03-08 02:00:00,2026-03-08 13:30:00,0.06407,0.062192696713515655,0.06710875000000001,0.062192696713515655,0.46754108317049564,target,-0.07434333854380898,False,True
POWR-USD,2026-03-18 00:00:00,2026-03-18 11:45:00,0.06979,0.06693556890536195,0.0733475,0.06693556890536195,0.7337079675721878,target,0.001961770906535493,False,True
POWR-USD,2026-08-23 04:00:00,2026-08-23 05:30:00,0.04286,0.04211031474530966,0.04629821428571428,0.04211031474530966,0.17316816382392947,target,0.0,False,True
PUFFER-USD,2025-06-04 00:15:00,2025-06-04 19:30:00,0.236,0.20964695968290623,0.25546964285714285,0.20964695968290623,1.2864217192307164,target,-0.023486248995689248,True,True
PYTH-USD,2025-05-12 13:00:00,2025-05-12 18:30:00,0.195,0.1821974469569452,0.20958214285714286,0.1821974469569452,0.8304885750809078,target,0.0006686260102865545,True,True
PYTH-USD,2025-05-12 13:00:00,2025-05-12 18:30:00,0.195,0.1821974469569452,0.20958214285714286,0.1821974469569452,0.8304885750809078,target,0.0006686260102865545,True,True
QNT-USD,2025-11-13 22:00:00,2025-11-14 01:30:00,88.57,93.06375,93.06375,84.77469752027027,-1.0771340978247566,stop,-0.006179549841446445,True,True
QNT-USD,2026-09-25 07:45:00,2026-09-26 08:30:00,98.89,105.21928571428572,105.21928571428572,76.27034325005074,-1.0578485853741113,stop,-0.0016014800812549372,False,True
QTUM-USD,2025-08-21 04:00:00,2025-08-21 18:30:00,2.3,2.4343214285714283,2.4343214285714283,2.095772900137026,-1.1143855985110345,stop,-0.0527424185057166,True,True
QTUM-USD,2025-10-08 04:00:00,2025-10-08 04:15:00,2.257,2.215720951029929,2.3520357142857145,2.215720951029929,0.34885673474708234,target,0.0,False,True
QTUM-USD,2025-10-08 04:00:00,2025-10-08 04:15:00,2.257,2.215720951029929,2.3520357142857145,2.215720951029929,0.34885673474708234,target,0.0,False,True
QTUM-USD,2025-12-13 03:00:00,2025-12-14 12:00:00,1.504,1.4387764068088156,1.6163571428571428,1.4387764068088156,0.47421205200037014,target,-0.058101174113159584,False,True
QTUM-USD,2025-12-13 03:00:00,2025-12-14 12:00:00,1.504,1.4387764068088156,1.6163571428571428,1.4387764068088156,0.47421205200037014,target,-0.058101174113159584,False,True
QTUM-USD,2026-04-04 04:00:00,2026-04-06 04:00:00,0.962,0.9734,1.0068517857142858,0.9182017254735769,-0.3400332316120564,time,-0.008648432472030872,False,True
RARE-USD,2025-03-09 11:15:00,2025-03-09 11:45:00,0.05276,0.05622214285714286,0.05622214285714286,0.04892561915734012,-1.05486082112647,stop,0.0,True,True
RARE-USD,2025-09-17 12:30:00,2025-09-17 18:00:00,0.05875,0.05767686176271893,0.06345892857142857,0.05767686176271893,0.18360349369639584,target,0.0006238149412210845,True,True
RARE-USD,2025-12-07 06:00:00,2025-12-07 07:15:00,0.02534,0.025183614135044254,0.026892857142857145,0.025183614135044254,0.04196256252900043,target,0.0,False,True
RARE-USD,2025-12-24 06:00:00,2025-12-24 14:45:00,0.0228,0.020950684630383843,0.024390535714285715,0.020950684630383843,1.0034961826260786,target,-0.10759824533512966,False,True
RARE-USD,2026-02-09 10:45:00,2026-02-09 12:45:00,0.020263,0.02115130357142857,0.02115130357142857,0.019780645054065488,-1.0942507426322243,stop,-0.012131518589606998,False,True
RARE-USD,2026-02-09 10:45:00,2026-02-09 12:45:00,0.020263,0.02115130357142857,0.02115130357142857,0.019780645054065488,-1.0942507426322243,stop,-0.012131518589606998,False,True
RARE-USD,2026-08-16 23:45:00,2026-08-17 09:00:00,0.01228,0.011794976759121518,0.01328575,0.011794976759121518,0.40820815916329195,target,-0.03008688521004221,False,True
RAYDIUM-USD,2025-01-18 08:00:00,2025-01-18 10:15:00,6.586,6.991246428571428,6.991246428571428,5.701596430043694,-1.0585066229542872,stop,0.0,True,True
RAYDIUM-USD,2025-04-15 20:15:00,2025-04-16 14:00:00,2.0917,2.2493017857142856,2.2493017857142856,2.0048115187098334,-1.028205113507144,stop,0.019574294358521132,True,True
RAYDIUM-USD,2025-04-15 20:15:00,2025-04-16 14:00:00,2.0917,2.2493017857142856,2.2493017857142856,2.0048115187098334,-1.028205113507144,stop,0.019574294358521132,True,True
RAYDIUM-USD,2025-06-19 02:15:00,2025-06-20 05:00:00,2.4401,2.093575873018755,2.6449928571428574,2.093575873018755,1.541795321063772,target,-0.10657725614990411,True,True
RAYDIUM-USD,2025-07-21 12:00:00,2025-07-21 15:15:00,3.1777,3.316051785714286,3.316051785714286,2.9373443630932705,-1.082685741574919,stop,0.0,True,True
RAYDIUM-USD,2026-02-17 08:45:00,2026-02-18 18:30:00,0.712,0.6374967867941237,0.7484642857142858,0.6374967867941237,1.91559897246281,target,-0.05729071388834458,False,True
RAYDIUM-USD,2026-02-17 08:45:00,2026-02-18 18:30:00,0.712,0.6374967867941237,0.7484642857142858,0.6374967867941237,1.91559897246281,target,-0.05729071388834458,False,True
RAYDIUM-USD,2026-04-01 23:45:00,2026-04-02 13:15:00,0.6641,0.6177403360756369,0.7169464285714285,0.6177403360756369,0.8345260998054792,target,0.0025133202676218182,False,True
RAYDIUM-USD,2026-04-26 02:00:00,2026-04-26 02:15:00,0.7831,0.8132660714285714,0.8132660714285714,0.6705967022727422,-1.093454661694193,stop,0.0,False,True
RAYDIUM-USD,2026-07-20 14:00:00,2026-07-22 14:00:00,0.6953,0.6949,0.7312196428571429,0.679196576251863,-0.04693532189907838,time,0.01161425801640566,False,True
RAYDIUM-USD,2026-09-06 14:15:00,2026-09-06 17:15:00,1.3448,1.4334500000000001,1.4334500000000001,0.9137039948419262,-1.053852679075014,stop,0.0007584884376762539,True,True
RAYDIUM-USD,2026-09-06 14:15:00,2026-09-06 17:15:00,1.3448,1.4334500000000001,1.4334500000000001,0.9137039948419262,-1.053852679075014,stop,0.0007584884376762539,True,True
RENDER-USD,2025-04-20 07:00:00,2025-04-21 00:45:00,4.322,4.488089285714286,4.488089285714286,4.022612836359486,-1.0883306205870338,stop,0.005349112774970441,True,True
RENDER-USD,2025-04-20 07:00:00,2025-04-21 00:45:00,4.322,4.488089285714286,4.488089285714286,4.022612836359486,-1.0883306205870338,stop,0.005349112774970441,True,True
RENDER-USD,2026-05-25 21:00:00,2026-05-26 05:30:00,2.1673,2.296585714285714,2.296585714285714,1.9975065792811364,-1.0586727624309393,stop,0.0016763646408839818,True,True
REZ-USD,2025-07-28 08:00:00,2025-07-28 16:30:00,0.01468,0.013812630049295426,0.01576017857142857,0.013812630049295426,0.7554213463292474,target,0.0013590345511654833,True,True
REZ-USD,2026-09-07 11:45:00,2026-09-09 11:45:00,0.003306,0.003131,0.0034247142857142857,0.0030646072245812516,1.415854553044522,time,0.041981147509025235,False,True
REZ-USD,2026-09-26 10:00:00,2026-09-28 07:30:00,0.004374,0.004060375935445378,0.0046929642857142856,0.004060375935445378,0.9414325615865451,target,0.00754222371514949,True,True
RLC-USD,2025-05-30 15:00:00,2025-05-30 16:30:00,1.2146,1.1402005392820693,1.2625839285714284,1.1402005392820693,1.461913661644195,target,0.00253126418815824,False,True
RLC-USD,2025-08-27 07:30:00,2025-08-27 07:45:00,1.0856,1.1522821428571428,1.1522821428571428,1.0029599016117,-1.0586087943870173,stop,0.0,False,True
RLC-USD,2025-11-09 01:15:00,2025-11-09 10:15:00,0.9098,0.8539559085679772,0.985125,0.8539559085679772,0.6991011142651558,target,0.001207832724858945,False,True
RLC-USD,2026-03-18 00:00:00,2026-03-18 14:45:00,0.4623,0.4300183516056458,0.49234464285714286,0.4300183516056458,1.020601194700645,target,0.0015387102526002968,False,True
RLC-USD,2026-05-04 00:00:00,2026-05-04 18:30:00,0.4889,0.46254053350934854,0.5257107142857143,0.46254053350934854,0.6709244025790643,target,0.0026562918404967524,False,True
RLC-USD,2026-05-30 05:00:00,2026-05-30 22:30:00,0.4572,0.45000227245310614,0.4783071428571429,0.45000227245310614,0.26736198191713645,target,0.0043321827411167465,False,True
RLC-USD,2026-06-12 21:30:00,2026-06-12 23:30:00,0.3523,0.34940188744536166,0.38020714285714285,0.34940188744536166,0.058401985577007466,target,0.0,False,True
RLC-USD,2026-08-01 00:00:00,2026-08-01 00:15:00,0.2816,0.2805146416345198,0.2950125,0.2805146416345198,0.005338181955656135,target,0.0,False,True
ROSE-USD,2025-08-08 11:00:00,2025-08-09 05:15:00,0.02752,0.028675,0.028675,0.025956893815872097,-1.0810112554112554,stop,0.0047653679653679665,True,True
ROSE-USD,2025-08-08 11:00:00,2025-08-09 05:15:00,0.02752,0.028675,0.028675,0.025956893815872097,-1.0810112554112554,stop,0.0047653679653679665,True,True
ROSE-USD,2025-11-06 22:00:00,2025-11-07 00:30:00,0.02121,0.02239625,0.02239625,0.01747635596748189,-1.0756459902212856,stop,-0.011278445437302425,True,True
ROSE-USD,2026-01-22 00:00:00,2026-01-23 07:15:00,0.021443,0.01795919040556525,0.023076303571428574,0.01795919040556525,2.081988857184996,target,-0.0037316751316897124,True,True
ROSE-USD,2026-01-25 23:45:00,2026-01-26 01:15:00,0.018127,0.018894357142857143,0.018894357142857143,0.01745225068107005,-1.1252120289286047,stop,-0.040170532139998154,True,True
RPL-USD,2025-05-12 13:00:00,2025-05-13 03:30:00,6.271,5.673840220220404,6.599392857142857,5.673840220220404,1.7390895617475461,target,-0.010595814416530722,False,True
RPL-USD,2025-06-11 20:00:00,2025-06-12 13:15:00,6.899,6.28556826601456,7.441375,6.28556826601456,1.087151590699129,target,0.0019331827978796964,True,True
RPL-USD,2025-06-15 12:00:00,2025-06-15 20:45:00,6.458,6.240564976190544,6.994571428571429,6.240564976190544,0.3631054756832244,target,0.0012035676251331206,True,True
RPL-USD,2025-07-28 08:00:00,2025-07-28 14:30:00,7.611,7.1733019337224535,7.901446428571429,7.1733019337224535,1.4192857761243491,target,0.006638120941899771,True,True
RPL-USD,2025-09-15 13:00:00,2025-09-15 14:15:00,6.745,6.651281751715603,7.2495714285714286,6.651281751715603,0.13761430860441176,target,0.0,False,True
RPL-USD,2025-09-15 13:00:00,2025-09-15 14:15:00,6.745,6.651281751715603,7.2495714285714286,6.651281751715603,0.13761430860441176,target,0.0,False,True
RPL-USD,2026-02-16 20:15:00,2026-02-16 20:30:00,2.6306,2.7685125,2.7685125,1.797843831833384,-1.0686678872473487,stop,0.0,False,True
RPL-USD,2026-09-25 22:00:00,2026-09-27 22:00:00,2.079,2.113,2.2188214285714287,1.9682628405585025,-0.2780078191673039,time,0.018687761931034486,False,True
RPL-USD,2026-09-25 22:00:00,2026-09-27 22:00:00,2.079,2.113,2.2188214285714287,1.9682628405585025,-0.2780078191673039,time,0.018687761931034486,False,True
RSR-USD,2025-04-25 03:00:00,2025-04-25 06:15:00,0.008423,0.008789625,0.008789625,0.008325796441016036,-1.0827079440845548,stop,0.0,True,True
RSR-USD,2025-10-03 08:00:00,2025-10-05 08:00:00,0.006635,0.00665,0.006955,0.006310876718406169,-0.1090781249999981,time,0.012440625000000002,False,True
RSR-USD,2025-10-14 11:15:00,2025-10-15 04:30:00,0.00585,0.006328178571428571,0.006328178571428571,0.005462482633129926,-1.0415953394577637,stop,0.002446784673986109,True,True
RSR-USD,2025-12-28 19:15:00,2025-12-29 12:30:00,0.002616,0.0025482542885263697,0.002821357142857143,0.0025482542885263697,0.2865802993498509,target,0.002547756521739129,False,True
RSR-USD,2026-04-20 06:00:00,2026-04-20 10:30:00,0.0018638,0.001726621619194794,0.0019494446428571428,0.001726621619194794,1.525548784448105,target,0.0021762014970496905,False,True
RSR-USD,2026-04-27 06:00:00,2026-04-27 06:45:00,0.0018591,0.0018279909252851543,0.001976967857142857,0.0018279909252851543,0.20714989910483295,target,0.0,False,True
RSR-USD,2026-05-03 02:00:00,2026-05-03 10:00:00,0.0017321,0.0018058696428571428,0.0018058696428571428,0.0017114215100873925,-1.0821794679383216,stop,0.0023479847982377615,False,True
RSR-USD,2026-05-08 14:00:00,2026-05-08 17:45:00,0.0020715,0.0021711035714285713,0.0021711035714285713,0.0019798486418926104,-1.0727910645774321,stop,0.002079744702212344,False,True
RSR-USD,2026-05-27 19:45:00,2026-05-27 21:45:00,0.0016764,0.0016440033378905291,0.0017377464285714284,0.0016440033378905291,0.42971730748395237,target,0.0,False,True
RVN-USD,2025-06-05 20:15:00,2025-06-06 18:45:00,0.01724,0.01307130305268974,0.018934285714285716,0.01307130305268974,2.4238137125777186,target,0.0,True,True
RVN-USD,2025-06-05 20:15:00,2025-06-06 18:45:00,0.01724,0.01307130305268974,0.018934285714285716,0.01307130305268974,2.4238137125777186,target,0.0,True,True
RVN-USD,2025-07-16 04:15:00,2025-07-16 18:00:00,0.01435,0.015015178571428572,0.015015178571428572,0.014180792976324274,-1.0729271853959732,stop,0.004736170308724831,True,True
RVN-USD,2026-10-06 03:00:00,2026-10-06 03:15:00,0.002384,0.002379905610042773,0.002576160714285714,0.002379905610042773,-0.023355502499331243,target,0.0,False,True
S-USD,2025-02-18 00:30:00,2025-02-18 03:15:00,0.5992,0.6279053571428571,0.6279053571428571,0.5476523549075916,-1.0751469486780716,stop,0.0,True,True
SAFE-USD,2025-02-13 05:00:00,2025-02-14 09:00:00,0.6548,0.6108802028219735,0.7062178571428571,0.6108802028219735,0.812785664363926,target,0.004457206362436626,True,True
SAFE-USD,2026-02-17 15:00:00,2026-02-17 16:15:00,0.11681,0.12275089285714286,0.12275089285714286,0.11172461101044162,-1.0774744844197301,stop,-0.006691184651176768,False,True
SAFE-USD,2026-02-17 15:00:00,2026-02-17 16:15:00,0.11681,0.12275089285714286,0.12275089285714286,0.11172461101044162,-1.0774744844197301,stop,-0.006691184651176768,False,True
SAGA-USD,2025-01-16 09:00:00,2025-01-17 01:00:00,1.396,1.4667750000000002,1.4667750000000002,1.3118875662743705,-1.0670632285411514,stop,0.003944895796538311,True,True
SAGA-USD,2025-03-28 03:00:00,2025-03-28 03:15:00,0.3978,0.3977300186194293,0.41685714285714287,0.3977300186194293,-0.0714744402998891,target,0.0,True,True
SAGA-USD,2025-05-23 16:15:00,2025-05-24 23:45:00,0.4137,0.36307059955172394,0.44155535714285715,0.36307059955172394,1.769314074686493,target,0.005198102442464262,True,True
SAGA-USD,2025-07-28 08:45:00,2025-07-28 14:30:00,0.3057,0.2922101619247427,0.3171428571428571,0.2922101619247427,1.0840477094482113,target,0.001335767790262179,True,True
SAGA-USD,2025-11-21 05:00:00,2025-11-21 06:45:00,0.11186,0.11884625,0.11884625,0.09335696346692775,-1.0576412238325281,stop,0.0,True,True
SAGA-USD,2026-03-11 11:00:00,2026-03-13 11:00:00,0.03559,0.03445,0.03721892857142857,0.031797572033433426,0.634300372725276,time,0.013109230431922811,False,True
SAGA-USD,2026-05-11 08:00:00,2026-05-11 09:45:00,0.02237,0.02386375,0.02386375,0.019580840691247117,-1.0539126359832636,stop,0.0,False,True
SAGA-USD,2026-05-11 08:00:00,2026-05-11 09:45:00,0.02237,0.02386375,0.02386375,0.019580840691247117,-1.0539126359832636,stop,0.0,False,True
SAGA-USD,2026-09-10 19:30:00,2026-09-10 21:00:00,0.01745,0.018826714285714287,0.018826714285714287,0.014977808899660326,-1.0449966275811973,stop,0.0006337553180450344,False,True
SAGA-USD,2026-09-15 13:00:00,2026-09-15 17:00:00,0.020615,0.021961142857142856,0.021961142857142856,0.01783659647209507,-1.0543651437970925,stop,0.000765706250663272,False,True
SAND-USD,2025-07-03 16:00:00,2025-07-04 07:45:00,0.251,0.24496554615829852,0.26091607142857143,0.24496554615829852,0.5199593285346353,target,0.0025312443724113095,True,True
SAND-USD,2025-07-03 16:00:00,2025-07-04 07:45:00,0.251,0.24496554615829852,0.26091607142857143,0.24496554615829852,0.5199593285346353,target,0.0025312443724113095,True,True
SAND-USD,2026-01-18 00:00:00,2026-01-18 00:15:00,0.15019,0.16237142857142856,0.16237142857142856,0.13199829008395547,-1.0443859270552363,stop,0.0,True,True
SAND-USD,2026-01-18 00:00:00,2026-01-18 00:15:00,0.15019,0.16237142857142856,0.16237142857142856,0.13199829008395547,-1.0443859270552363,stop,0.0,True,True
SAND-USD,2026-08-22 22:00:00,2026-08-22 22:15:00,0.045,0.04482621918481886,0.04765071428571428,0.04482621918481886,0.004444392684880304,target,0.0,True,True
SHIB1000-USD,2025-09-13 17:00:00,2025-09-14 15:00:00,0.014267,0.013557286098298914,0.014901267857142858,0.013557286098298914,1.042471401088454,target,0.004498730257045522,True,True
SKL-USD,2025-01-26 11:00:00,2025-01-26 11:15:00,0.05461,0.057344821428571426,0.057344821428571426,0.04278613091300987,-1.0718862291870717,stop,0.0,False,True
SKL-USD,2025-07-14 22:00:00,2025-07-16 22:00:00,0.02497,0.02413,0.025995892857142856,0.020975855840971887,0.6345441912062668,time,-0.09663157902872062,False,True
SKL-USD,2025-07-14 22:00:00,2025-07-16 22:00:00,0.02497,0.02413,0.025995892857142856,0.020975855840971887,0.6345441912062668,time,-0.09663157902872062,False,True
SKL-USD,2025-08-13 02:00:00,2025-08-13 05:45:00,0.02627,0.028004285714285714,0.028004285714285714,0.021335040510087302,-1.0545308072487645,stop,0.0,False,True
SKL-USD,2025-08-13 02:00:00,2025-08-13 05:45:00,0.02627,0.028004285714285714,0.028004285714285714,0.021335040510087302,-1.0545308072487645,stop,0.0,False,True
SKL-USD,2025-08-30 13:15:00,2025-09-01 13:15:00,0.03553,0.03128,0.037533750000000005,0.028255677433841355,1.1198702230318105,time,-0.9373185480224552,True,True
SKL-USD,2025-08-30 13:15:00,2025-09-01 13:15:00,0.03553,0.03128,0.037533750000000005,0.028255677433841355,1.1198702230318105,time,-0.9373185480224552,True,True
SKL-USD,2026-01-22 22:00:00,2026-01-24 22:00:00,0.010815,0.010184,0.0117275,0.010060753506431359,0.5335746635616433,time,-0.1152647884931507,False,True
SLP-USD,2026-01-17 11:00:00,2026-01-17 13:15:00,0.001022,0.001083344642857143,0.001083344642857143,0.0008710213635522666,-1.0599758973015456,stop,0.0,False,True
SLP-USD,2026-01-17 11:00:00,2026-01-17 13:15:00,0.001022,0.001083344642857143,0.001083344642857143,0.0008710213635522666,-1.0599758973015456,stop,0.0,False,True
SLP-USD,2026-01-20 14:45:00,2026-01-20 15:15:00,0.0009302,0.0009054639452419104,0.0009691821428571429,0.0009054639452419104,0.5486444097356918,target,0.0,False,True
SLP-USD,2026-04-18 09:15:00,2026-04-18 18:45:00,0.0006814,0.0006452927226399541,0.0007335446428571429,0.0006452927226399541,0.6467083771660455,target,0.0013067497688435314,False,True
SLP-USD,2026-04-18 09:15:00,2026-04-18 18:45:00,0.0006814,0.0006452927226399541,0.0007335446428571429,0.0006452927226399541,0.6467083771660455,target,0.0013067497688435314,False,True
SLP-USD,2026-04-26 01:00:00,2026-04-27 06:45:00,0.000719,0.0006992681903176777,0.0007731,0.0006992681903176777,0.3208707889523536,target,0.003987060998151575,False,True
SLP-USD,2026-05-07 22:00:00,2026-05-09 22:00:00,0.0008,0.0007862,0.0008485732142857143,0.0007427439849322279,0.2346972537774349,time,0.009881989632734093,False,True
SNT-USD,2025-06-17 00:00:00,2025-06-17 01:15:00,0.04188,0.043858749999999995,0.043858749999999995,0.035732423526419754,-1.0761935565382188,stop,0.0,True,True
SNT-USD,2025-06-19 02:00:00,2025-06-19 09:45:00,0.04994,0.05328767857142857,0.05328767857142857,0.043011889748144363,-1.0537040806529046,stop,0.0,True,True
SNT-USD,2025-10-14 03:30:00,2025-10-14 05:00:00,0.02015,0.0197191859857293,0.020869642857142857,0.0197191859857293,0.49784974687740124,target,0.0,False,True
SNT-USD,2025-11-02 15:00:00,2025-11-03 02:15:00,0.01818,0.017728723860908062,0.019305892857142855,0.017728723860908062,0.34268637254795725,target,0.0,False,True
SNT-USD,2026-03-19 02:00:00,2026-03-19 07:15:00,0.011346,0.01006420648814663,0.011917375,0.01006420648814663,2.0514752172450184,target,-0.12038724060380683,False,True
SNT-USD,2026-05-10 21:00:00,2026-05-12 01:45:00,0.010949,0.010556774162299453,0.011773285714285715,0.010556774162299453,0.43312862371990113,target,0.005110241760831887,False,True
SNT-USD,2026-06-24 13:30:00,2026-06-24 16:00:00,0.007475,0.0073350523604161395,0.007772375,0.0073350523604161395,0.38137499649889994,target,0.0012568306010928966,False,True
SNT-USD,2026-06-24 13:30:00,2026-06-24 16:00:00,0.007475,0.0073350523604161395,0.007772375,0.0073350523604161395,0.38137499649889994,target,0.0012568306010928966,False,True
SNT-USD,2026-08-25 20:00:00,2026-08-26 00:15:00,0.006657,0.007132946428571429,0.007132946428571429,0.00623271538367368,-1.0496533823584586,stop,0.000699343413499418,False,True
SNT-USD,2026-09-15 00:15:00,2026-09-15 01:00:00,0.008135,0.00867425,0.00867425,0.007855754181294354,-1.05430876216968,stop,0.0,False,True
SNX-USD,2025-08-27 09:00:00,2025-08-29 08:15:00,0.7432,0.6917763806625612,0.7961678571428572,0.6917763806625612,0.9271001355594924,target,0.006766522554109623,True,True
SNX-USD,2025-08-27 09:00:00,2025-08-29 08:15:00,0.7432,0.6917763806625612,0.7961678571428572,0.6917763806625612,0.9271001355594924,target,0.006766522554109623,True,True
SNX-USD,2025-09-25 12:45:00,2025-09-26 07:30:00,0.83,0.8901625,0.8901625,0.7320808854451621,-1.0469062954498234,stop,0.002759193849989611,True,True
SNX-USD,2025-10-10 15:00:00,2025-10-10 21:00:00,1.3683,1.1912702002550544,1.4593892857142856,1.1912702002550544,1.8909002128439478,target,0.0015021525191139021,True,True
SONIC-USD,2025-02-09 13:15:00,2025-02-09 14:00:00,0.3169,0.3110600237533158,0.3301946428571429,0.3110600237533158,0.3534608862515979,target,0.0,True,True
SONIC-USD,2025-03-13 12:00:00,2025-03-15 10:30:00,0.2503,0.2632910714285714,0.2632910714285714,0.23171726113465485,-1.0693614845360828,stop,0.0,True,True
SONIC-USD,2025-03-13 12:00:00,2025-03-15 10:30:00,0.2503,0.2632910714285714,0.2632910714285714,0.23171726113465485,-1.0693614845360828,stop,0.0,True,True
SONIC-USD,2025-05-19 04:00:00,2025-05-19 06:00:00,0.3034,0.296979386561466,0.31573035714285713,0.296979386561466,0.43213455837495246,target,0.0,True,True
SONIC-USD,2026-01-08 03:00:00,2026-01-08 04:30:00,0.08561,0.09071839285714285,0.09071839285714285,0.08344950425648723,-1.060331303527109,stop,0.0,False,True
SPX-USD,2025-01-03 08:15:00,2025-01-03 12:30:00,1.1707,1.2619035714285713,1.2619035714285713,0.9958778378921209,-1.0462100325018602,stop,0.0,True,True
SPX-USD,2025-07-16 23:00:00,2025-07-17 10:30:00,1.7917,1.9312285714285713,1.9312285714285713,1.6283541270497084,-1.0443017866284428,stop,0.0019261646360192515,True,True
SSV-USD,2025-06-03 22:00:00,2025-06-05 20:30:00,10.964,9.549932536897385,11.482660714285714,9.549932536897385,2.6510402919492693,target,0.000758469475641248,True,True
SSV-USD,2026-04-17 02:00:00,2026-04-17 17:00:00,2.618,2.720321428571429,2.720321428571429,2.3524536605013258,-1.086992530541012,stop,0.005117207678883056,False,True
STEEM-USD,2025-02-09 20:15:00,2025-02-10 02:15:00,0.1767,0.17396705615096844,0.1904607142857143,0.17396705615096844,0.1359042062934947,target,-0.016473337887360488,True,True
STEEM-USD,2025-03-25 03:00:00,2025-03-27 03:00:00,0.1442,0.1408,0.15227321428571428,0.1360680192924172,0.22857680382216167,time,-0.12826743417827924,False,True
STEEM-USD,2025-04-27 03:00:00,2025-04-28 01:30:00,0.1667,0.14913199462872018,0.17438749999999997,0.14913199462872018,1.9640125578250198,target,-0.24319204331707361,True,True
STEEM-USD,2025-04-27 03:00:00,2025-04-28 01:30:00,0.1667,0.14913199462872018,0.17438749999999997,0.14913199462872018,1.9640125578250198,target,-0.24319204331707361,True,True
STG-USD,2025-08-20 19:00:00,2025-08-21 12:30:00,0.176,0.16987823360959584,0.18761964285714286,0.16987823360959584,0.4753473457240392,target,0.0030293530044567356,True,True
STG-USD,2025-08-20 19:00:00,2025-08-21 12:30:00,0.176,0.16987823360959584,0.18761964285714286,0.16987823360959584,0.4753473457240392,target,0.0030293530044567356,True,True
STG-USD,2025-11-26 09:30:00,2025-11-28 09:30:00,0.1193,0.1213,0.1241875,0.11597077237230088,-0.48243478260869566,time,0.014645524296675183,False,True
STORJ-USD,2025-10-22 07:00:00,2025-10-22 08:15:00,0.1849,0.18387253548810015,0.19974999999999998,0.18387253548810015,0.01628347608753279,target,-0.008081810909090924,False,True
STORJ-USD,2025-11-06 21:00:00,2025-11-07 00:15:00,0.1672,0.18054285714285714,0.18054285714285714,0.15282229433097747,-1.0463583660813705,stop,-0.0012465887794432535,False,True
STORJ-USD,2026-02-16 03:30:00,2026-02-18 01:15:00,0.11442,0.10286405926016405,0.12221125,0.10286405926016405,1.2579253866370534,target,-0.1724007792331141,False,True
STORJ-USD,2026-05-15 20:15:00,2026-05-16 01:45:00,0.13543,0.14600732142857142,0.14600732142857142,0.11103048059509037,-1.2327472502111998,stop,-0.18665353893539072,True,True
STORJ-USD,2026-09-11 10:00:00,2026-09-11 10:15:00,0.03839,0.04030232142857142,0.04030232142857142,0.029669514935228868,-1.0722702773368198,stop,0.0,True,True
STRK-USD,2025-11-14 18:00:00,2025-11-14 21:15:00,0.1719,0.18284642857142855,0.18284642857142855,0.1478040300831675,-1.0557483197389887,stop,0.0007851876019575871,True,True
STRK-USD,2026-05-08 17:00:00,2026-05-09 06:15:00,0.05617,0.060417678571428574,0.060417678571428574,0.04552530389294711,-1.0456217429688486,stop,0.001983554042123847,True,True
STRK-USD,2026-10-03 21:00:00,2026-10-03 23:00:00,0.05177,0.05391625,0.05391625,0.04417235883211826,-1.0868361094933021,stop,0.0,True,True
STX-USD,2026-01-10 15:00:00,2026-01-12 15:00:00,0.3829,0.3742,0.40245000000000003,0.3598329258115499,0.3727195050127896,time,-0.0017848428132992316,True,True
SUN-USD,2025-10-09 02:00:00,2025-10-09 16:30:00,0.027044,0.02574366959380638,0.028049732142857144,0.02574366959380638,1.2014936728190646,target,0.0053779726922462195,True,True
SUPER-USD,2025-04-10 23:00:00,2025-04-11 06:15:00,0.4742,0.4939321428571429,0.4939321428571429,0.4416348871811678,-1.114746100633484,stop,-0.028231421900452476,True,True
SUPER-USD,2025-06-30 09:00:00,2025-07-01 01:45:00,0.67,0.6394587274583282,0.6944839285714286,0.6394587274583282,1.1543601942481387,target,0.00547297790095544,True,True
SUPER-USD,2025-10-16 14:00:00,2025-10-16 14:15:00,0.4481,0.44750686094014125,0.4833089285714286,0.44750686094014125,-0.028970519170213517,target,0.0,True,True
SUPER-USD,2025-10-16 14:00:00,2025-10-16 14:15:00,0.4481,0.44750686094014125,0.4833089285714286,0.44750686094014125,-0.028970519170213517,target,0.0,True,True
SUPER-USD,2026-02-16 02:00:00,2026-02-16 13:45:00,0.13613,0.12789297924969736,0.1469494642857143,0.12789297924969736,0.7160199937562061,target,0.0,False,True
SUPER-USD,2026-03-26 03:00:00,2026-03-27 11:15:00,0.13296,0.11098334010151789,0.1414307142857143,0.11098334010151789,1.8552134596943164,target,-0.6827075671945342,False,True
SUPER-USD,2026-03-26 03:00:00,2026-03-27 11:15:00,0.13296,0.11098334010151789,0.1414307142857143,0.11098334010151789,1.8552134596943164,target,-0.6827075671945342,False,True
SUPER-USD,2026-09-23 08:00:00,2026-09-23 09:00:00,0.19225,0.20215839285714285,0.20215839285714285,0.153515114388124,-1.069849874745436,stop,0.0,False,True
SUSHI-USD,2026-09-05 20:00:00,2026-09-07 20:00:00,0.2635,0.2411,0.28518214285714283,0.20386539294073214,0.9927405576017151,time,0.0033826264536320275,True,True
SUSHI-USD,2026-09-05 20:00:00,2026-09-07 20:00:00,0.2635,0.2411,0.28518214285714283,0.20386539294073214,0.9927405576017151,time,0.0033826264536320275,True,True
T-USD,2025-01-11 02:00:00,2025-01-11 07:15:00,0.03006,0.03157267857142857,0.03157267857142857,0.029349424683282634,-1.0715393223940504,stop,0.0,True,True
T-USD,2025-04-18 06:30:00,2025-04-18 12:00:00,0.0207,0.021541964285714286,0.021541964285714286,0.015064909355060602,-1.0885073170731707,stop,0.0,True,True
T-USD,2025-07-27 09:00:00,2025-07-28 14:30:00,0.01923,0.017942438999333104,0.020559642857142856,0.017942438999333104,0.9162858989705385,target,0.0,True,True
T-USD,2026-01-08 07:00:00,2026-01-08 09:45:00,0.00953,0.00939946695884387,0.010174089285714286,0.00939946695884387,0.14939705300239353,target,0.0,True,True
T-USD,2026-04-05 02:00:00,2026-04-05 12:45:00,0.006368,0.0060968480614981896,0.0066229464285714286,0.0060968480614981896,0.8233646442432883,target,-0.15027966171044363,False,True
T-USD,2026-09-02 09:30:00,2026-09-02 10:15:00,0.004552,0.004845107142857142,0.004845107142857142,0.003707235719673489,-1.0559085658584135,stop,0.0,False,True
T-USD,2026-09-02 09:30:00,2026-09-02 10:15:00,0.004552,0.004845107142857142,0.004845107142857142,0.003707235719673489,-1.0559085658584135,stop,0.0,False,True
TAIKO-USD,2025-08-09 01:00:00,2025-08-11 01:00:00,0.491,0.4839,0.5127375,0.4638907829615658,0.2548706208165614,time,0.009561822656699267,True,True
TAO-USD,2025-02-20 16:00:00,2025-02-21 00:15:00,445.63,472.7528571428571,472.7528571428571,405.8677535756432,-1.0575051880332877,stop,0.001643005372379649,True,True
TAO-USD,2025-11-01 15:00:00,2025-11-03 04:15:00,503.54,462.1518343087867,543.1626785714286,462.1518343087867,1.0087006731198964,target,0.009893345647829748,True,True
THE-USD,2025-02-27 18:00:00,2025-02-28 01:45:00,0.612,0.577879062782505,0.6590696428571429,0.577879062782505,0.6793962154026019,target,0.0013002010698433166,True,True
THE-USD,2025-03-16 02:00:00,2025-03-17 03:30:00,0.3835,0.41274642857142857,0.41274642857142857,0.35803971816085367,-1.0434673295884722,stop,0.0037384342410550753,True,True
THE-USD,2025-03-16 02:00:00,2025-03-17 03:30:00,0.3835,0.41274642857142857,0.41274642857142857,0.35803971816085367,-1.0434673295884722,stop,0.0037384342410550753,True,True
THE-USD,2025-07-15 02:00:00,2025-07-15 04:00:00,0.337,0.35149642857142854,0.35149642857142854,0.29250411958661127,-1.082527223454053,stop,0.0011623552599162397,False,True
THE-USD,2025-07-15 02:00:00,2025-07-15 04:00:00,0.337,0.35149642857142854,0.35149642857142854,0.29250411958661127,-1.082527223454053,stop,0.0011623552599162397,False,True
THE-USD,2025-07-19 14:00:00,2025-07-19 16:15:00,0.4479,0.4239800827352951,0.4842392857142857,0.4239800827352951,0.6144829714120283,target,0.0006162751842751849,True,True
THE-USD,2025-09-21 14:30:00,2025-09-23 02:45:00,0.6926,0.4355967306188519,0.7369232142857143,0.4355967306188519,5.749167416842307,target,0.007031755368438016,True,True
THE-USD,2025-10-07 07:00:00,2025-10-07 11:30:00,0.4623,0.4874178571428571,0.4874178571428571,0.4497743565300257,-1.0653385752879285,stop,0.0009202616237736389,True,True
THE-USD,2025-12-06 17:00:00,2025-12-07 13:30:00,0.1931,0.167573970237852,0.21000357142857143,0.167573970237852,1.461049862125805,target,-0.00792193871962814,False,True
THE-USD,2026-03-30 20:15:00,2026-03-31 09:15:00,0.11744,0.11171396233856982,0.12286517857142856,0.11171396233856982,0.9755871610391053,target,-0.001938940932819859,True,True
THE-USD,2026-05-12 22:00:00,2026-05-13 12:30:00,0.11821,0.10895767574914336,0.12290107142857143,0.10895767574914336,1.8897888517456072,target,0.00817856606623524,False,True
THETA-USD,2026-07-12 00:00:00,2026-07-13 03:15:00,0.15162,0.14381138617515954,0.15955785714285714,0.14381138617515954,0.9206852294408946,target,0.005730261855484573,False,True
TIA-USD,2025-02-26 21:45:00,2025-02-27 16:45:00,3.919,3.612579360256547,4.128392857142857,3.612579360256547,1.3904580346062927,target,-0.005541063605662635,True,True
TIA-USD,2025-05-23 12:00:00,2025-05-23 12:30:00,2.875,2.765123013375786,3.090357142857143,2.765123013375786,0.46214852827164093,target,0.0,True,True
TLM-USD,2025-04-19 17:00:00,2025-04-20 03:45:00,0.00486,0.005127017857142858,0.005127017857142858,0.004567454261390495,-1.0637036046278336,stop,0.0018201029893666761,False,True
TLM-USD,2025-10-18 17:45:00,2025-10-18 23:30:00,0.003763,0.0036734475601459195,0.004064142857142857,0.0036734475601459195,0.2523906446767372,target,0.0,False,True
TLM-USD,2025-11-24 07:00:00,2025-11-24 07:15:00,0.002547,0.002539174882710913,0.0026516964285714286,0.002539174882710913,-0.01283790411242354,target,0.0,False,True
TLM-USD,2025-11-24 07:00:00,2025-11-24 07:15:00,0.002547,0.002539174882710913,0.0026516964285714286,0.002539174882710913,-0.01283790411242354,target,0.0,False,True
TLM-USD,2025-11-29 10:00:00,2025-11-29 12:30:00,0.00259,0.002545625110991547,0.002770517857142857,0.002545625110991547,0.19416854134665856,target,0.0,False,True
TLM-USD,2025-12-23 22:45:00,2025-12-24 11:45:00,0.002203,0.0020645610034647818,0.0023856249999999997,0.0020645610034647818,0.6950366887623195,target,-0.019587248459958972,False,True
TLM-USD,2026-03-01 22:00:00,2026-03-02 07:30:00,0.0017745,0.0018546446428571429,0.0018546446428571429,0.0016159957676391255,-1.5093584960852033,stop,-0.42965011169091616,False,True
TLM-USD,2026-03-01 22:00:00,2026-03-02 07:30:00,0.0017745,0.0018546446428571429,0.0018546446428571429,0.0016159957676391255,-1.5093584960852033,stop,-0.42965011169091616,False,True
TLM-USD,2026-06-20 14:00:00,2026-06-22 14:00:00,0.0010884,0.0010676,0.0011354464285714286,0.0009951348894521718,0.3916700811417307,time,0.03283816737872921,False,True
TLM-USD,2026-09-26 13:00:00,2026-09-28 07:30:00,0.0016919,0.001544748865971385,0.001758030357142857,0.001544748865971385,2.154360279075007,target,0.02129612937002141,False,True
TNSR-USD,2025-07-04 09:00:00,2025-07-04 13:00:00,0.1214,0.11979784758056407,0.12935535714285715,0.11979784758056407,0.14721933891899391,target,0.0007630078563411887,False,True
TNSR-USD,2025-11-19 01:30:00,2025-11-19 02:45:00,0.04168,0.04424589285714286,0.04424589285714286,0.03901155532423975,-1.058477889901872,stop,0.0,False,True
TNSR-USD,2025-12-13 12:15:00,2025-12-13 21:15:00,0.11234,0.10045222937594289,0.1195925,0.10045222937594289,1.5833638916314499,target,0.0,True,True
TNSR-USD,2026-02-12 16:30:00,2026-02-12 19:30:00,0.06032,0.06526857142857143,0.06526857142857143,0.04779300327097912,-1.0438817551963049,stop,0.0,False,True
TRB-USD,2026-04-11 06:00:00,2026-04-12 07:30:00,15.994,15.287547643944167,16.60592857142857,15.287547643944167,1.0682164333817743,target,0.007841111240807759,False,True
TRB-USD,2026-04-11 06:00:00,2026-04-12 07:30:00,15.994,15.287547643944167,16.60592857142857,15.287547643944167,1.0682164333817743,target,0.007841111240807759,False,True
TRUMP-USD,2025-10-29 10:00:00,2025-10-29 10:45:00,7.867,8.190232142857143,8.190232142857143,6.846089822145087,-1.0876187613943982,stop,0.0,True,True
TRUMP-USD,2026-05-13 11:00:00,2026-05-13 12:00:00,2.457,2.421642882535711,2.5655357142857143,2.421642882535711,0.24540095064168685,target,0.0011318854886475803,True,True
TRUMP-USD,2026-05-13 11:00:00,2026-05-13 12:00:00,2.457,2.421642882535711,2.5655357142857143,2.421642882535711,0.24540095064168685,target,0.0011318854886475803,True,True
TWT-USD,2025-09-19 06:00:00,2025-09-20 12:45:00,1.2329,1.3413875,1.3413875,0.8328951692656182,-1.0394256389814496,stop,0.0014863554879594443,True,True
UMA-USD,2026-02-16 15:15:00,2026-02-16 15:45:00,0.5835,0.6258964285714286,0.6258964285714286,0.5059243620544981,-1.049546626231994,stop,0.0,False,True
UMA-USD,2026-10-06 04:00:00,2026-10-06 05:30:00,0.4198,0.43943571428571426,0.43943571428571426,0.41184798813318746,-1.0769658785012732,stop,0.0,False,True
UNI-USD,2025-06-11 06:00:00,2025-06-13 00:30:00,8.406,7.2166642009437085,8.729446428571428,7.2166642009437085,3.593437267462735,target,0.009925140970573646,True,True
USTC-USD,2025-02-11 13:00:00,2025-02-11 18:00:00,0.01624,0.01734535714285714,0.01734535714285714,0.013995987852819736,-1.0521568982229403,stop,0.0007346042003231034,True,True
USTC-USD,2025-04-18 14:15:00,2025-04-18 16:00:00,0.01197,0.012395357142857142,0.012395357142857142,0.011372433030344874,-1.0999007556675064,stop,0.0014070528967254428,False,True
USTC-USD,2025-06-14 15:00:00,2025-06-14 16:15:00,0.01292,0.01217575742436441,0.01375125,0.01217575742436441,0.8401522714413092,target,0.0007771428571428568,False,True
USTC-USD,2026-04-28 02:00:00,2026-04-28 09:15:00,0.006035,0.0063520892857142856,0.0063520892857142856,0.005669110468053387,-1.0792250411218112,stop,-0.01070806190234839,False,True
USUAL-USD,2025-06-11 10:00:00,2025-06-12 01:45:00,0.1164,0.10679356059158612,0.12239821428571429,0.10679356059158612,1.5350851053027008,target,0.003396010717475439,True,True
USUAL-USD,2025-11-25 08:00:00,2025-11-25 14:00:00,0.0301,0.031930714285714284,0.031930714285714284,0.027316856409849283,-1.1021767577058135,stop,-0.04298674600078032,True,True
USUAL-USD,2025-12-13 02:15:00,2025-12-13 14:30:00,0.02711,0.025675058787772098,0.029215714285714286,0.025675058787772098,0.6351028823334667,target,0.0,True,True
USUAL-USD,2025-12-13 02:15:00,2025-12-13 14:30:00,0.02711,0.025675058787772098,0.029215714285714286,0.025675058787772098,0.6351028823334667,target,0.0,True,True
USUAL-USD,2026-03-04 05:00:00,2026-03-04 16:15:00,0.015644,0.016850928571428572,0.016850928571428572,0.013937947140304783,-1.0447183050245608,stop,0.0019442741315026353,False,True
USUAL-USD,2026-03-31 00:15:00,2026-03-31 05:00:00,0.012952,0.012715175015994383,0.013930821428571428,0.012715175015994383,0.19497466895892546,target,0.0006616119969350901,False,True
USUAL-USD,2026-05-08 03:00:00,2026-05-08 04:15:00,0.017092,0.01818823214285714,0.01818823214285714,0.015392682385209988,-1.0607334452595742,stop,-0.004603728209288313,False,True
USUAL-USD,2026-05-21 10:00:00,2026-05-22 19:15:00,0.014673,0.01413195230862134,0.015228339285714286,0.01413195230862134,0.8897157181004204,target,0.010568674233898196,False,True
USUAL-USD,2026-05-21 10:00:00,2026-05-22 19:15:00,0.014673,0.01413195230862134,0.015228339285714286,0.01413195230862134,0.8897157181004204,target,0.010568674233898196,False,True
USUAL-USD,2026-08-30 09:00:00,2026-08-30 21:15:00,0.011876,0.011417945158145705,0.012374517857142857,0.011417945158145705,0.8366453395364999,target,0.0035733925565067885,False,True
VANA-USD,2025-02-09 11:30:00,2025-02-09 21:45:00,6.465,6.153824464174081,6.942625,6.153824464174081,0.6027773584421237,target,0.0,True,True
VANA-USD,2025-03-17 00:15:00,2025-03-17 02:15:00,6.654,7.053375,7.053375,5.82172918367553,-1.0599797183098592,stop,0.0,True,True
VANA-USD,2025-03-17 00:15:00,2025-03-17 02:15:00,6.654,7.053375,7.053375,5.82172918367553,-1.0599797183098592,stop,0.0,True,True
VANA-USD,2026-02-10 06:00:00,2026-02-10 07:00:00,1.5842,1.5686362176425082,1.7059410714285714,1.5686362176425082,0.08099700653018649,target,0.0,True,True
VELO-USD,2025-11-12 15:00:00,2025-11-12 15:30:00,0.007217,0.007185921282879767,0.007701250000000001,0.007185921282879767,0.010526622860574777,target,0.0,False,True
VELO-USD,2026-03-18 05:00:00,2026-03-18 08:00:00,0.004647,0.004900660714285714,0.004900660714285714,0.003947034813595654,-1.0967559246969378,stop,-0.030804837051742365,False,True
VELODROME-USD,2025-05-14 02:15:00,2025-05-14 06:30:00,0.07043,0.07305660714285714,0.07305660714285714,0.06840438504347433,-1.0951899109388814,stop,0.00134070297097016,False,True
VELODROME-USD,2025-07-21 00:15:00,2025-07-21 11:45:00,0.06121,0.06370821428571428,0.06370821428571428,0.05981708726090816,-1.0857552537526807,stop,0.002450150107219444,False,True
VELODROME-USD,2026-04-28 12:15:00,2026-04-28 13:00:00,0.017988,0.01868505357142857,0.01868505357142857,0.01669726903035016,-1.0929007506084285,stop,0.0,False,True
VELODROME-USD,2026-06-15 23:00:00,2026-06-16 07:45:00,0.016193,0.016913732142857144,0.016913732142857144,0.01453223152029406,-1.0786360100096626,stop,0.0022467431431332173,False,True
VIRTUAL-USD,2025-07-03 16:00:00,2025-07-04 14:15:00,1.5998,1.5563327227086667,1.7250839285714286,1.5563327227086667,0.3041726718332175,target,0.003192348807708209,True,True
VIRTUAL-USD,2025-07-03 16:00:00,2025-07-04 14:15:00,1.5998,1.5563327227086667,1.7250839285714286,1.5563327227086667,0.3041726718332175,target,0.003192348807708209,True,True
VIRTUAL-USD,2026-08-12 18:15:00,2026-08-14 18:15:00,0.5967,0.5611,0.6191464285714285,0.5550157935984554,1.5062485282418467,time,0.01594997613365158,True,True
VVV-USD,2025-10-07 00:00:00,2025-10-07 08:15:00,2.041,1.9889901826919325,2.1304107142857145,1.9889901826919325,0.5136576160359033,target,0.014140106698621884,False,True
VVV-USD,2026-09-08 20:00:00,2026-09-09 00:00:00,24.721,26.108017857142855,26.108017857142855,18.869511853114485,-1.057787757149074,stop,0.006375511940571382,True,True
W-USD,2025-05-14 08:15:00,2025-05-15 01:15:00,0.11407,0.10509661124063295,0.11855821428571428,0.10509661124063295,1.9129101715785632,target,0.005083090634200696,True,True
W-USD,2025-05-14 08:15:00,2025-05-15 01:15:00,0.11407,0.10509661124063295,0.11855821428571428,0.10509661124063295,1.9129101715785632,target,0.005083090634200696,True,True
W-USD,2026-03-18 00:00:00,2026-03-18 03:30:00,0.018586,0.01936417857142857,0.01936417857142857,0.01761992157941758,-1.085982321354812,stop,0.0,True,True
W-USD,2026-06-20 14:00:00,2026-06-20 15:00:00,0.010412,0.01079675,0.01079675,0.009678804421894472,-1.0974222222222219,stop,0.0,True,True
W-USD,2026-10-08 03:15:00,2026-10-08 05:15:00,0.017454,0.018150464285714284,0.018150464285714284,0.014431122854494256,-1.088966083790575,stop,0.0012530434336700735,True,True
W-USD,2026-10-08 03:15:00,2026-10-08 05:15:00,0.017454,0.018150464285714284,0.018150464285714284,0.014431122854494256,-1.088966083790575,stop,0.0012530434336700735,True,True
WAVES-USD,2025-05-15 04:00:00,2025-05-15 10:15:00,1.4574,1.3536465927459687,1.563782142857143,1.3536465927459687,0.9273408544374644,target,0.0013699667640245728,True,True
WAVES-USD,2025-07-04 04:00:00,2025-07-05 18:30:00,1.0749,0.9813660472165799,1.1474374999999999,0.9813660472165799,1.1046650086151315,target,-0.13144476610029307,False,True
WAVES-USD,2025-08-17 20:30:00,2025-08-18 03:00:00,1.2253,1.218048484338694,1.2784982142857142,1.218048484338694,0.05569671277672326,target,0.002303272800510228,True,True
WAVES-USD,2025-08-17 20:30:00,2025-08-18 03:00:00,1.2253,1.218048484338694,1.2784982142857142,1.218048484338694,0.05569671277672326,target,0.002303272800510228,True,True
WAXP-USD,2025-01-09 13:45:00,2025-01-09 16:15:00,0.04629,0.04821875,0.04821875,0.04430474756567677,-1.084,stop,0.0024000000000000002,False,True
WAXP-USD,2025-01-09 13:45:00,2025-01-09 16:15:00,0.04629,0.04821875,0.04821875,0.04430474756567677,-1.084,stop,0.0024000000000000002,False,True
WAXP-USD,2025-11-11 16:30:00,2025-11-11 20:00:00,0.01223,0.011978651536681711,0.01314875,0.011978651536681711,0.22632050429201436,target,0.0006655782312925162,False,True
WAXP-USD,2026-01-23 06:00:00,2026-01-23 12:00:00,0.008706,0.00919425,0.00919425,0.008435238614518984,-1.0735394438095238,stop,-0.009347738740399401,False,True
WAXP-USD,2026-02-03 17:15:00,2026-02-03 18:30:00,0.007525,0.007418627839788713,0.007840125,0.007418627839788713,0.2515895603690168,target,0.0,False,True
WAXP-USD,2026-08-03 06:15:00,2026-08-03 10:45:00,0.004255,0.004543785714285715,0.004543785714285715,0.003790390466751424,-1.2004127522137025,stop,-0.14736996220628235,False,True
WAXP-USD,2026-08-03 06:15:00,2026-08-03 10:45:00,0.004255,0.004543785714285715,0.004543785714285715,0.003790390466751424,-1.2004127522137025,stop,-0.14736996220628235,False,True
WAXP-USD,2026-09-15 04:00:00,2026-09-15 19:00:00,0.00541,0.005085962647872809,0.005784696428571429,0.005085962647872809,0.8063198685375154,target,-0.0065017355764189965,False,True
WLD-USD,2025-01-22 14:00:00,2025-01-22 16:00:00,2.219,2.323,2.323,2.060795441700721,-1.0746778846153846,stop,0.002133653846153844,True,True
WOO-USD,2025-04-30 13:00:00,2025-05-01 10:00:00,0.07353,0.07745482142857142,0.07745482142857142,0.07069915235106233,-1.061824214022476,stop,0.005620383092952371,False,True
WOO-USD,2025-09-22 00:15:00,2025-09-22 06:00:00,0.07762,0.07145642157997427,0.0804825,0.07145642157997427,2.0555970026290713,target,0.0,False,True
WOO-USD,2025-09-28 04:15:00,2025-09-29 13:45:00,0.06803,0.07292553571428571,0.07292553571428571,0.06546132719459888,-1.0481892905839867,stop,0.0018375122611708893,True,True
WOO-USD,2025-12-21 05:00:00,2025-12-21 08:00:00,0.02673,0.028281607142857143,0.028281607142857143,0.024341637035014466,-1.060295546092761,stop,0.001722729888364599,False,True
WOO-USD,2025-12-21 05:00:00,2025-12-21 08:00:00,0.02673,0.028281607142857143,0.028281607142857143,0.024341637035014466,-1.060295546092761,stop,0.001722729888364599,False,True
WOO-USD,2025-12-29 17:15:00,2025-12-29 17:45:00,0.02763,0.025666949116828645,0.028829821428571427,0.025666949116828645,1.5532168694388417,target,0.0,False,True
WOO-USD,2026-09-06 14:15:00,2026-09-06 14:30:00,0.01181,0.011682474562610142,0.012830535714285714,0.011682474562610142,0.08329883628752369,target,0.0,False,True
XAI-USD,2026-04-19 07:00:00,2026-04-19 07:15:00,0.010611,0.010541764535386257,0.011483446428571428,0.010541764535386257,0.03557337573673525,target,0.0,False,True
XAI-USD,2026-04-19 07:00:00,2026-04-19 07:15:00,0.010611,0.010541764535386257,0.011483446428571428,0.010541764535386257,0.03557337573673525,target,0.0,False,True
XAI-USD,2026-08-07 04:45:00,2026-08-07 05:30:00,0.006784,0.007057303571428572,0.007057303571428572,0.006335251610414601,-1.08935997386475,stop,0.0,False,True
XCN-USD,2025-06-21 14:00:00,2025-06-21 21:45:00,0.014312,0.013587122229239286,0.015271910714285715,0.013587122229239286,0.698079967551297,target,-0.0033962851247325795,True,True
XLM-USD,2026-05-27 19:30:00,2026-05-28 00:45:00,0.16488,0.17127589285714284,0.17127589285714284,0.14937162667751952,-1.0985651415495437,stop,-0.0057605850540246376,True,True
XLM-USD,2026-05-27 19:30:00,2026-05-28 00:45:00,0.16488,0.17127589285714284,0.17127589285714284,0.14937162667751952,-1.0985651415495437,stop,-0.0057605850540246376,True,True
XMR-USD,2025-11-09 07:00:00,2025-11-09 12:00:00,433.71,467.24857142857144,467.24857142857144,365.4315233104184,-0.9955022331400945,stop,0.05105180698428245,True,True
XMR-USD,2025-11-09 07:00:00,2025-11-09 12:00:00,433.71,467.24857142857144,467.24857142857144,365.4315233104184,-0.9955022331400945,stop,0.05105180698428245,True,True
XMR-USD,2026-01-12 09:00:00,2026-01-12 18:00:00,577.69,605.4392857142857,605.4392857142857,497.4291310744184,-1.0632229800782518,stop,0.011722516588329207,True,True
XVG-USD,2025-11-02 01:00:00,2025-11-02 06:45:00,0.006843,0.007228857142857143,0.007228857142857143,0.006219932273407135,-1.063844353942984,stop,0.0,False,True
XVG-USD,2026-01-19 14:15:00,2026-01-19 17:45:00,0.007649,0.007380638993032876,0.008306053571428572,0.007380638993032876,0.36768616361350687,target,0.0011641364315803778,True,True
XVG-USD,2026-04-08 15:00:00,2026-04-09 11:45:00,0.004723,0.004421581181835072,0.0050735,0.004421581181835072,0.8155004797858133,target,0.004042510699001425,False,True
XVG-USD,2026-06-16 03:00:00,2026-06-16 14:45:00,0.002693,0.0026333147153411135,0.00289625,0.0026333147153411135,0.26040496373375954,target,0.014449319655596565,False,True
XVG-USD,2026-08-22 22:00:00,2026-08-23 13:45:00,0.002528,0.0027081964285714283,0.0027081964285714283,0.00239198453029019,-1.039440948615598,stop,0.011063936925973647,False,True
XVG-USD,2026-09-08 08:00:00,2026-09-09 13:00:00,0.002931,0.003095839285714286,0.003095839285714286,0.0028342605752893746,-1.0566174071888201,stop,0.007394032525186859,False,True
XVG-USD,2026-09-08 20:45:00,2026-09-09 05:00:00,0.002882,0.003008589285714286,0.003008589285714286,0.0028603363876373846,-1.0796828889829313,stop,0.0022766539709408915,False,True
XVS-USD,2025-01-13 02:00:00,2025-01-13 03:00:00,9.178,9.014328896712543,9.572821428571428,9.014328896712543,0.3308592032608614,target,0.0,True,True
XVS-USD,2025-07-28 14:00:00,2025-07-28 16:00:00,6.904,6.747986117164661,7.25875,6.747986117164661,0.3716698600009549,target,0.001946159267089499,False,True
XVS-USD,2025-10-07 23:15:00,2025-10-08 03:30:00,6.883,6.657913143826889,7.4033750000000005,6.657913143826889,0.3863101793189738,target,0.0013799728849387448,False,True
YGG-USD,2025-09-13 05:15:00,2025-09-13 10:15:00,0.2199,0.23736249999999998,0.23736249999999998,0.18471035975977984,-1.0447040801717968,stop,0.000629634931997138,True,True
YGG-USD,2026-04-17 06:00:00,2026-04-18 06:45:00,0.04147,0.04366214285714286,0.04366214285714286,0.039921916911068764,-1.0624279569892472,stop,0.0056752688172043006,False,True
YGG-USD,2026-04-25 20:00:00,2026-04-27 06:00:00,0.04454,0.04209358541638983,0.04632232142857143,0.04209358541638983,1.291701365592326,target,0.009064829351768382,False,True
YGG-USD,2026-09-07 02:15:00,2026-09-08 06:30:00,0.02483,0.02362574887173556,0.026729285714285716,0.02362574887173556,0.5910972062392691,target,0.0041064655208725084,False,True
ZBCN-USD,2026-04-05 13:30:00,2026-04-06 17:45:00,0.0027133,0.0025898305378534684,0.002828439285714286,0.0025898305378534684,0.9969395018775045,target,0.009426148453736153,False,True
ZEN-USD,2026-05-21 07:00:00,2026-05-22 14:30:00,6.572,6.303759864450731,7.0216964285714285,6.303759864450731,0.5497258146670008,target,0.005845721319938055,True,True
ZEREBRO-USD,2025-10-11 17:00:00,2025-10-11 17:15:00,0.0542,0.05737017857142857,0.05737017857142857,0.018998699898011825,-1.0615485833380274,stop,0.0,True,True
ZEREBRO-USD,2025-10-11 17:00:00,2025-10-11 17:15:00,0.0542,0.05737017857142857,0.05737017857142857,0.018998699898011825,-1.0615485833380274,stop,0.0,True,True
ZEREBRO-USD,2026-03-12 14:30:00,2026-03-14 14:30:00,0.008215,0.00777,0.008687642857142857,0.007280962027722702,0.8879994348949675,time,0.009056711606468188,False,True
ZEREBRO-USD,2026-04-17 02:30:00,2026-04-17 02:45:00,0.013712,0.0144125,0.0144125,0.01081735046079748,-1.07046852248394,stop,0.0,False,True
ZEREBRO-USD,2026-06-18 11:00:00,2026-06-18 13:30:00,0.033219,0.03498785714285714,0.03498785714285714,0.026789870146815702,-1.066668724761751,stop,0.0009389961234049434,True,True
ZETA-USD,2025-03-22 12:00:00,2025-03-22 15:45:00,0.285,0.3029232142857143,0.3029232142857143,0.23041951234420197,-1.0572441964730497,stop,0.0,True,True
ZETA-USD,2025-10-07 14:00:00,2025-10-07 23:45:00,0.1932,0.17825389389979446,0.20224285714285714,0.17825389389979446,1.575894197495087,target,0.0,True,True
ZETA-USD,2026-04-17 02:00:00,2026-04-17 02:30:00,0.05929,0.06181964285714286,0.06181964285714286,0.05154989050225191,-1.084377128335451,stop,0.0,False,True
ZETA-USD,2026-04-17 02:00:00,2026-04-17 02:30:00,0.05929,0.06181964285714286,0.06181964285714286,0.05154989050225191,-1.084377128335451,stop,0.0,False,True
ZIL-USD,2025-09-09 16:00:00,2025-09-11 16:00:00,0.01173,0.01168,0.012183035714285714,0.011510760261715521,0.03269057942452039,time,0.015535199054000831,False,True
ZK-USD,2026-01-06 09:30:00,2026-01-07 23:15:00,0.04061,0.033490373781214285,0.04231767857142857,0.033490373781214285,4.083573065481551,target,0.0,True,True
ZK-USD,2026-02-24 00:00:00,2026-02-24 00:15:00,0.019894,0.019698918973582318,0.02087894642857143,0.019698918973582318,0.12534958535435337,target,0.0,True,True
ZRO-USD,2025-09-26 15:00:00,2025-09-26 21:30:00,2.282,2.388358928571429,2.388358928571429,2.1167231520086407,-1.0750947767834655,stop,0.002145565050956158,True,True
ZRO-USD,2026-02-11 04:00:00,2026-02-11 05:00:00,2.3078,2.4502089285714286,2.4502089285714286,1.8091480702547127,-1.058339600496558,stop,0.0,True,True
ZRO-USD,2026-09-23 08:00:00,2026-09-23 11:00:00,1.4238,1.4885410714285716,1.4885410714285716,1.239254282220975,-1.0791719983450556,stop,0.0,True,True
